vid_idx,date,user_name,likes,comment0,2021.08.29,步步高家教机&小天才电话手表,34,为什么临终要在医院里度过
0,2022.01.08,一拳锤死你,13,你不会以为别人临终是像你睡觉一样舒服吧要不是发病的时候疼到实在受不了你以为他们会在医院走过最后的时间吗？世界这么大不出几个傻卵我还以为我在天堂
0,2022.02.16,倾疚,3,不要跟他讲理，他像个故步自封的问题儿童，像是那种什么都不懂，却要说占在别人角度想的人
0,2021.08.29,月光下的一隅,7,因为不想太痛苦
0,2021.09.14,御风悠扬,17,这个该在抖音中宣传
0,2021.11.26,刺猬小哥,5,我怎么看完这个，感觉人生活着可没意思了，最后都得死
0,2022.04.18,干装修的papi哥,0,活着才是短暂的，所以要好好活着
0,2022.04.17,皮妞麻麻,0,我有时候也会想这个问题，人活着为了什么呢
0,2021.12.12,用户7129932887088,3,就是因为会逝去，生命才被赋予意义
0,2021.11.30,刘同学啊,8,支持安乐死，这是对自己的生命一份体面
0,2021.10.31,！,4,真的很佩服在这里工作的医生，是我的话绝对会抑郁，气氛太压抑了，每天看着生命离去自己却毫无办法，这种感觉真的太难过了
0,2022.01.09,梁建美,0,主要是没胆子晚上都不敢起夜 也不敢睡觉
0,2022.02.11,感悟,1,我想去这样的医院做义工，因为我这个月2月2号刚刚送走爸爸。我双手紧紧握住爸爸的手，轻声细语跟他聊天，让他安详的走完他最后一程。
0,2021.09.14,御风悠扬,6,新生命熠熠生辉，临终之时也不该默默而逝，多一些关怀，多一些关注，或许现在的社会中青年人从观念上会得到根本上改变！！！
0,2022.04.18,强强,1,人活一世没有意义
0,2022.04.18,干装修的papi哥,0,活着才是短暂的
0,2021.12.25,熊哥,1,节目很好，声音很疗愈，内容很深刻，谢谢
0,2022.02.11,陈肉肉,0,我一直心里在斗争着要不要送我的父亲临终关怀 我一直在尽全力的拯救他的生命 可是连医生都束手无策 就在和母亲轮流照顾他的时候 母亲突然急性脑梗中风也住进了医院 
0,2022.02.11,鸿錁,0,加油
0,2022.04.18,春姐家美食,0,看到这个视频第二次，第一次流泪，今天还是流泪了
0,2022.04.23,遇见祢,0,我是被一个小短片关于临终关怀的爱超越生死感动的不行，在抖音里搜索这一类信息
0,2022.02.19,开心过好每一,0,有意思的地方为什么我见的病人过来时就心跳20几下血压没有
0,2021.12.23,放逐青春,0,什么病都无法逆转
0,2022.04.12,能吃苦的炮炮,0,来日不方长
0,2021.09.19,w59449057,6,应该多一点这样的地方
0,2021.12.01,dypv5xomh4k5,0,@promising 今天晚上看的短片
0,2022.03.10,ccbb不爱喝水,0,@Wei.就是这个
0,2021.11.20,passer,0,@温柔收藏家~ @上风予橘 @羊小毛 @那咱揣兜兜
0,2022.04.23,喜杨杨,0,是不是进去会死得没那么痛苦
0,2021.06.16,爱说反话,0,@三七@晗晗 @仙仙仙仙女吖
0,2021.10.05,白露-,0,愿每一位患者都能得到最大的尊重和安慰
0,2021.08.28,优比太,0,@蟑螂药
0,2021.10.28,Betsy.,0,@星空
0,2021.12.21,nx,0,`
0,2021.10.01,麻烦不要做掉我的名字好吗,1,@FENGZ
0,2021.11.13,B,0,@啊啊啊啊
0,2021.11.05,Linda.,0,@小徐哦
0,2021.10.14,LINA,0,@喜之郎果冻
0,2021.10.14,喜之郎果冻,0,我觉得可以加入这个视频
0,2021.10.22,往后余生,1,作为这个医院的医生，他们得承受多少？麻木过后以病人以冷静面对，这说很简单，却很难
0,2021.10.09,春风十里,1,
0,2021.09.30,夷则姑娘,0,解读的很好
0,2021.10.31,晚月,0,一天多少钱呀？
0,2021.10.25,ʏ,0,@藤 
0,2021.10.25,花泽类,0,
0,2021.10.23,·.,3,安乐死什么时候普及
0,2021.08.27,天边外,9,@天边外：国内有很多信佛的开的临终关怀养老院，收费极低甚至免费，工作人员基本都是信佛的，会像对待亲人一样提供服务，特别是助念服务，不但提供日常生活的关怀，还有从生命本质上延续并升华临终人对生命的希望
0,2021.09.13,Carina,0,请问哪里呀
0,2021.09.13,天边外,1,百度搜念佛养老院，全国各地都有
0,2021.08.30,步步高家教机&小天才电话手表,6,只怕十有八九更痛苦，心理和生理
0,2021.10.04,修罗丸,1,未经历过你怎么知道病人和家属的痛苦
0,2021.10.04,步步高家教机&小天才电话手表,0,你经历过
0,2021.10.04,修罗丸,5,不要用这种事情开玩笑
0,2021.10.04,修罗丸,0,我现在正在经历
0,2021.10.17,Carry,1,临终关怀？了解下吧。
0,2022.02.11,向南,3,医院花钱就可以得到得当的照顾，家里吃喝拉撒都要靠家人，你舍得家人为你没日没夜的照顾吗。最后的尊严和自尊还是要留下的吧。
0,2022.02.13,步步高家教机&小天才电话手表,0,住院不用家人陪护？家人更忙吧
0,2022.02.15,倾疚,1,icu不能陪护
0,2022.02.15,步步高家教机&小天才电话手表,0,视频有强调是icu？
0,2022.02.15,倾疚,0,我的意思是，icu不能陪护，你知道家人要死了，去icu搏一搏还是最后到临终关怀是俩个选择，临终关怀医院能陪护
0,2022.02.16,步步高家教机&小天才电话手表,0,为什么不在家里呢
0,2022.02.16,倾疚,1,癌症晚期降低各种抵抗力，如果不消炎，会难受死人，而临终关怀医院可以做的就是消炎，减缓痛苦
0,2022.02.16,倾疚,1,在家里等死最遭罪
0,2022.02.16,步步高家教机&小天才电话手表,0,你去过？
0,2021.12.01,炎炎,1,这是最好的选择。给予安慰。减少痛苦。
0,2022.02.06,꧁༺梓༒铭༻꧂,0,因为安心的离去、减轻痛苦，减轻家庭压力
0,2022.02.06,步步高家教机&小天才电话手表,0,真的有减轻痛苦？
0,2022.02.06,꧁༺梓༒铭༻꧂,0,眼不见为净，给家人心灵压力会很大的
1,2022.04.01,飞飞,631,其实能让亲人能安详的走才是最大的孝
1,2022.04.16,柳絮飘66,1,电视剧天道里也有说这个问题，与其让病人痛苦，不如让其安详的走
1,2022.04.04,用户1371155309017,0,
1,2022.04.04,言乐,7,对
1,2022.04.01,咖啡与茶,520,几天前妈妈在家里安详的走了虽然医生建议插胃管打营养，用药。我没有。妈妈说过再也不去医院了。经过爸爸的同意，妈妈在家里安详的走了妈妈，我爱你
1,2022.04.02,jw静之音,37,这是真孝顺你妈妈有福气
1,2022.04.02,咖喱是小胖妞,22,节哀！你选择是对的
1,2022.04.13,无始劫以来今皆忏悔,1,妈妈有福气
1,2022.04.23,用户8871707056893,0,死了之后多久才能动身体，
1,2022.04.23,破执.修心,0,至少8小时
1,2022.04.01,简单,331,能够没有痛苦 有尊严的离开真的是一种大福报
1,2022.04.09,沈跃妹好心态,1,美女说的对，我公公那年90岁就在沙发看新闻联播走的
1,2022.04.10,D,1,修行好
1,2022.04.02,健康是金,168,有些孝是做给外人看的，其实是愚孝
1,2022.04.02,用户5234190408557,159,尊重病人的意愿，安详有尊严少痛苦的离开才是最大的慈悲
1,2022.04.10,中医养生智慧,1,
1,2022.04.01,喜悦 ,205,阿弥陀佛好无奈啊  人是来地球受劫的  我们都是来自高维  世人快点醒来吧
1,2022.04.08,小苏木,0,何为醒
1,2022.04.07,招财师太,3,其实人间才是所谓的地狱
1,2022.04.23,用户8871707056893,0,最正确做法应该是
1,2022.04.03,画画菜鸟,37,我七十多岁的父亲去年查出来肺癌晚期，他浑身的基础病。我跟家人建议保守治疗。家人坚决要让他化疗。他从化疗开始每天痛苦的生不如死。化疗把他所有基础病都放大数倍的发作。他几乎是化疗到了去世。
1,2022.04.11,大鹏,2,老人走的也痛苦。
1,2022.04.03,用户6788790196037,1,你父亲还在吗，我爹也是肺癌，
1,2022.04.03,用户6788790196037,3,我没给他老人家化疗，也没有动手术，我还后悔，我老爹走了
1,2022.04.01,宁静,165,既然挽回不了，那就尽量让老人安详的走，不要为了自己所谓的名誉而让老人受苦
1,2022.04.01,广行,139,听完已哭泣成泪人，经历过的人真愿每个都走得自在洒脱尊严
1,2022.04.02,唱歌养生，听歌养神，阅读养心#：不染,0,
1,2022.04.01,玉兔,57,跟我想的一样一样的阿弥陀佛
1,2022.04.01,高华一生做善人,52,你说的很对人到老了难那自然走最好
1,2022.04.02,杨洋洋,0,
1,2022.04.02,快乐的莉莉,29,我很欣慰心安，父母都是在我几个月昼夜陪护下安详离开，虽然我万般不舍……
1,2022.04.02,破执.修心,10,随喜赞叹
1,2022.04.01,蘇蘇,45,送走了身边的亲人留给自己的就只有悲伤，同时给自己也找到了答案，我要有尊严的离去
1,2022.04.10,王宝玫,0,同感
1,2022.04.02,妙英,44,我也想安祥地走
1,2022.04.01,刚哥,18,我也经历过，唯有时间能抹平一切
1,2022.04.17,李先生0775,6,我母亲在病床前跟我说让她去医院走吧，怕因为她走吓着我们，我说您在我家离开是我的福分，在我家离开的
1,2022.04.20,绝尘,2,尊重老人最后的请求！
1,2022.04.23,用户8871707056893,0,死了之后动身体怎么了，会疼吗
1,2022.04.23,破执.修心,0,会
1,2022.04.21,平淡生活,1,总结都是一样的！何必呢！活多少是个够？
1,2022.04.20,悦心,1,我将来就不想死在家里
1,2022.04.20,小红,1,功德无量
1,2022.04.20,清新晨曦,1,我父母都是在家里安详离世的
1,2022.04.19,Tracy,1,如果说医生说有百分之五十的希望，但是最后还是走了，这样的情况该怎么办？
1,2022.04.17,葱花,1,感恩南无阿弥陀佛
1,2022.04.23,妞妞,0,
1,2022.04.23,凡夫,0,会会矽
1,2022.04.21,菩提无树,0,对的
1,2022.04.16,客家人,0,@阿弥陀佛！我支持
1,2022.04.16,戴林琼,0,叶曼老师往生极乐世界阿弥陀佛
1,2022.04.16,鼎奎建设工程有限公司（彩虹）,0,@宁静：既然挽回不了，那就尽量让老人安详的走，不要为了自己所谓的名誉而让老人受苦
1,2022.04.16,歌无忧,3,让无法救治的人，有尊严，无疼苦的走
1,2022.04.16,自娱自乐,3,寺庙环境太好了
1,2022.04.16,123,0,妈妈 我爱您 我想您
1,2022.04.16,那人那景,1,我也不赞成抢救自然的走最好
1,2022.04.15,用户8858127610493黄妈,0,如果最后的时刻只能受罪，那么毫无意义的延续就是苦难阿弥陀佛
1,2022.04.15,快乐人玍,2,阿弥陀佛
1,2022.04.15,藕平,2,这些儿女不孝
1,2022.04.15,大隐隐于市(>﹏<),0,安祥，尊严，是不是本人意愿很重要！
1,2022.04.15,高姐,0,实际自己安静的走是最好的
1,2022.04.15,静慧,5,顺从父母是孝！活着的时候修智慧心～放下一切～ 死即生 ～生到哪里~今生做了什么～
1,2022.04.15,玲,0,人生终有一死，还是自己的安静的走吧。
1,2022.04.15,牡丹花,0,尊重老人的心愿
1,2022.04.15,美森,0,不用插管
1,2022.04.14,Shi josh 啊,0,都没错
1,2022.04.14,dyujwldoflef随缘,0,
1,2022.04.13,唯果,0,这才是地狱
1,2022.04.13,磊,0,太赞成了，有尊严的走
1,2022.04.13,曼浓,0,看了你这些话我心里有很大的安慰！我的老父亲就是在家里去的！其实我的内心至今有个过不去的坎！总感觉对不起老父亲～
1,2022.04.13,花开一诺,1,有尊严的，安祥的老去，这才是最孝顺的子女
1,2022.04.13,转角里的四叶草,0,
1,2022.04.13,郭郭,0,能够没有痛苦 有尊严的离开真的是一种大福报
1,2022.04.13,无始劫以来今皆忏悔,1,希望更多的儿女看到，对父母孝顺，真的不要在父母最后晚年不要受苦，安详的走
1,2022.04.13,飘香,0,我老妈就是在家安详的走的阿弥陀佛
1,2022.04.12,暖阳,0,我特喜欢这条清净的小石路
1,2022.04.12,英子老师,0,顺其自然地走吧！
1,2022.04.12,财色双收,3,母亲去年七十岁，突然吐血二个小时就去世了很安详，很想很想她妈妈我爱你
1,2022.04.12,松柏,2,人走着走着就懂了。人转眼就是一辈子
1,2022.04.12,少年英雄,2,把自由留给当事人吧
1,2022.04.11,开心果华,0,跟我想的一样一样的阿弥陀佛
1,2022.04.11,用户9807329978700,0,自然的出世。自然的入世入世就是演完角色脱下戏服从哪里来到哪里去回家不要沉迷于角色离开相对宇宙回归绝对宇宙长道
1,2022.04.11,悠悠虎,4,是啊…父亲走之前医生让插管，我不让，他能吃饭又不是不能吃干嘛让他受罪。我们多伺候伺候让他安静的走不好吗。父亲的走我没有遗憾只有深深的不舍。
1,2022.04.20,神化女人,0,同感我也是，不过后来父亲忍痛坚持三年让我们尽孝，不吃不喝16天后安详离开！
1,2022.04.11,用心做事！,0,饿死的
1,2022.04.11,悠悠虎,0,你会饿死……我父亲每周至少两次烤鸭，天天有红烧肉。你不知道瞎说留点口德
1,2022.04.10,昆山夜光,2,人临终不能自己做主 很可悲
1,2022.04.10,玄幽隱,0,我是这样的想法安详的走，不要儿女去做那种无味的伪孝让别人看没意思。
1,2022.04.10,独狼,2,不到一定的岁数，不经历过送走老人的人，是理解不了的
1,2022.04.10,快乐,3,您说讲的太对了。在家离世是每个人人的福报阿弥陀佛
1,2022.04.10,圣香，探索人生,0,
1,2022.04.10,侠客，千里走单骑,0,我佛慈悲
1,2022.04.10,张砾中,0,我的父亲去世在家，安详的走
1,2022.04.10,一个人的旅行,1,我想死在外面
1,2022.04.10,中医养生智慧,4,用老人的痛苦来成全自己的孝名是最自私的儿女。
1,2022.04.10,静心,3,我希望我能安详的离开，好好修行
1,2022.04.10,含羞草,0,妈妈可怜在家躺一年后，我妈妈安祥的从家走了
1,2022.04.10,蜕变,1,为了让我爹能挺着走一千公里的路回到家里，我们一直坚持的还是改变了，就这样还在离家三十里的时候走了，我一直感觉心疼的要命，感觉自己的喉咙被扎破了，疼死了！对不起爹，让您受罪了，我们不知道该怎样选择
1,2022.04.10,聆听花开,0,孩子回来了也未必明白了 那又有什么意义呢
1,2022.04.10,聆听花开,0,你做的对 理解
1,2022.04.10,蓝色星球一微尘,3,寿终正寝好好修吧！
1,2022.04.12,松柏,0,人走着走着走着就懂
1,2022.04.10,寿山石，开心果,0,听哭了当年拼了命到处求爷爷多活几年后来看爷爷痛苦在后来我不想看爷爷痛苦后只求安静少一点痛苦
1,2022.04.10,李,1,中国人传统，忌讳在家离世，实际上是一种愚昧，西方人的住房都几百年上千年，哪个房子不死人，但他们不在乎，他们更重视灵魂
1,2022.04.10,祝福,1,随喜赞叹。
1,2022.04.10,彩霞满天,1,阿弥陀佛
1,2022.04.10,北京古乐琴行,1,我的母亲当年病危提出要回家，由于我年轻不懂劝她留在医院，后来我知道了为什么母亲要回家
1,2022.04.10,用户2814638730686,1,上个月我母亲在医院走了，她清醒时要回家，但腹水胀得腰腿疼只能在医院排水，我心如刀绞，真想接她回家呀!
1,2022.04.10,惜缘～,0,安详的离开
1,2022.04.10,一路芳方,0,说的真好
1,2022.04.09,旧日文上新年,0,顺其自然 见不到的人有见不到的道理 不要强求 此处强求他处必有强忍 宇宙就这样运转的  只不过你感受不到或者是活不了那么久 无异于饮鸩止渴
1,2022.04.09,清茶浮梦,0,在家去世，家里后人还怎么住这个房子呢……还是选择不在家里
1,2022.04.10,王宝玫,1,自己的亲人还嫌弃吸
1,2022.04.09,微笑着继续,2,可是，有些老人受尽病魔折磨，最后疼死饿死，都不想放弃治疗的。
1,2022.04.09,破执.修心,3,因为不知死后会怎样，会去哪所以恐惧死亡，如果知道自己死后去极乐世界会希望早点解脱，欢喜的走
1,2022.04.09,用户董红,1,儿女们都听听吧！
1,2022.04.09,暖阳亦会发光,0,不是所有老人都想走的，只能说，老人有这意愿的要尊重老人意愿，老人没有这意愿的，有的老人哪怕在受罪也要活着的，儿女也必须救。
1,2022.04.10,用户董红,0,就是的，
1,2022.04.09,彼岸,0,活的通透
1,2022.04.09,舞台看客,0,和你想法一样
1,2022.04.09,方新,4,我正在经历这样的事，不知道该怎么办，说起轻松，做起难
1,2022.04.09,暖阳亦会发光,0,只能听老人的，我爸癌症，现在状态很好，他话里是不希望自己还有意识的时候儿女不管他。
1,2022.04.10,方新,0,谢谢
1,2022.04.09,宝霞,0,@
1,2022.04.09,胡萍,0,非常的对
1,2022.04.09,佛子,0,阿弥陀佛！世人愚痴，不知什么是真孝，所谓的孝是生生把自己的亲人送进地狱！
1,2022.04.09,做个幸福的女人,2,最好的孝是陪伴，如果没有可能了，多陪陪老人，让老人安祥的走，少痛苦，是最大的孝
1,2022.04.09,水晶（听者）,3,我的母亲很早说过一定要在家，我和弟弟从医院拉回来两次，也一定要做到让她在家，只有在家，她才安宁。
1,2022.04.09,黃黄,3,如走到生命的尽头，我也想不抢救.在家里让我自然离世吧，等我断气八个小时不要翻动我的身体。
1,2022.04.09,嘉兰,2,妈妈走时，我没有哭喊，而且默默祈祷、潸然泪下，为母亲平安慈祥在我怀里走的现在常常想念母亲
1,2022.04.09,kiki.wu,0,同感，天天想妈妈，想得心好痛！
1,2022.04.09,红颜,3,我很赞同你的观点，生老病死是自然的轮回，真的能够没有痛，有尊严的离世真是修来的福报。
1,2022.04.09,南天竺,2,延长生命前的那声尖叫，为了名义上的那个孝，老人要遭遇多大的伤害和痛苦啊
1,2022.04.09,天使也掉毛,3,最后的尊严不是每个人都能得到
1,2022.04.09,小番茄,4,让老人安祥的走，是老人的福，也是儿女的孝。
1,2022.04.09,安然,5,人呀！来时没的选，去时 选不得得好死 是一生圆满，来有时去有时，尊从自然。
1,2022.04.09,彼岸之花,1,支持您
1,2022.04.09,樱贝,7,我妈妈得癌时候就说想在家里走，我们就同意了，妈妈就是在家去世，实现了她老人家的心愿。
1,2022.04.09,家和万兴,0,做孝子，才能一生心安。
1,2022.04.10,蓝军,0,
1,2022.04.09,紫晶,1,我母亲90岁走的，之前跟我说咱们老家（湖北）都是在家里走的，我说，可是咱们这里（北京）都去医院啊，不去，人家会说我不孝。她还是在医院走的，好在我强烈要求住单间，一直是儿女陪护，也算有点安慰。
1,2022.04.09,茹梦,5,虽然我只有五十多@岁，但我早就想好了，真到那天绝不做任何抢救，只想有尊严安详自然的死去！
1,2022.04.09,代可,7,很庆幸母亲八十一岁时脑大面积出血 医生建议开颅手术 在我们姐妹和多名专家沟通后 最后选择保守治疗 最后母亲在没切喉插管也没开颅后的笫四天安祥的体面的走了
1,2022.04.09,soda,2,活的尊严，死的尊严
1,2022.04.09,神秘花园生活馆,0,阿弥陀佛，一定会满你的愿，我们要相信阿弥陀佛来接我们，一定要信心
1,2022.04.09,幸福果,0,@
1,2022.04.09,文秀,5,有质量的活着吧，早晚都一样。
1,2022.04.09,慧照山房,1,我爸爸走的时候就要回家，我没做的一生的遗憾
1,2022.04.09,文秀,0,想不开啊，死在哪里都一样。
1,2022.04.09,遇雨,0,我也是这么想的，不能挽回，平静的走，不用任何东西
1,2022.04.09,新日金彭,1,说的这么对
1,2022.04.09,九九,0,我妈妈也是这个愿望，但是最后还是在医院了
1,2022.04.09,新疆和田玉,1,说得真好
1,2022.04.09,和平健康,0,
1,2022.04.09,温婉,2,我也要给我的儿子留个这样的医嘱。自然的死去。
1,2022.04.09,平安就好。,2,对，都会有这么一天
1,2022.04.09,天街小雨！,2,特别赞同您的想法！
1,2022.04.09,兰花开半夏,1,@阿弥陀佛，你说的太对了每个老人临终前必须在家
1,2022.04.09,快乐女人syq,2,，我母亲就是安详的，阿弥陀佛
1,2022.04.09,GaoFei,6,医生在病房走廊里劝我很长时间不要做过度治疗  老人在昏迷中过世的
1,2022.04.09,白天鹅,3,一代就这样一代的延续临死前，都不让回家，都会嫌弃悲哀呀，人性的弱点
1,2022.04.09,微风细雨,5,我不要在医院，我老了以后就在家里头，我早就给儿子说过了，我也不要过度医疗，自然的老去
1,2022.04.09,燕子,0,
1,2022.04.09,云姐姐（）,4,我帮爸爸完成了回家的愿望，但被我弟污蔑成“不想在病床前尽孝，想让他早死”
1,2022.04.08,用户8406818761281,0,@@安安静静的走，是福报。
1,2022.04.08,晓焱,1,妈妈感觉人好一点就要求出院，当时是爸爸照顾，然后回到二姐家那晚吃了两碗面，妈妈很开心她说要好好活下去，吃好一碗后妈妈就不行了，在送医院的路上妈妈走了，当时没有一个子女在她身边给她送终
1,2022.04.08,1818,1,
1,2022.04.08,little 鹿,2,我还是只能觉察自己。相信能量感受自己
1,2022.04.08,红袖添香,0,之前怎么没和家里人一起生活？亲情淡漠了
1,2022.04.08,*^_^*彰净*^_^*,7,不要抢救不要治疗，我希望能在助念声中离开…
1,2022.04.08,*^_^*彰净*^_^*,0,
1,2022.04.08,用户560272755518,3,假设有一天我妈妈有这要求，一定满足她心愿，也希望将来我儿子也能这么对我！
1,2022.04.08,山野村夫,0,死在哪里都一样
1,2022.04.08,文竹,6,我的妈妈86岁得肺癌走的，临终是否抢救的事，和弟妹们商量，我们选择不要抢救，让母亲安详地走。
1,2022.04.08,天街,0,无语
1,2022.04.07,伍月老师,4,所以我是想明白了，最终一样的归路，开心存在当下每秒。尽力让自己生命没遗憾，赤条条来，赤条条走，活着每一秒不为难自己，接纳，放下。身心灵健康第一……
1,2022.04.07,寥寥无几,1,善终要修
1,2022.04.07,喜乐,3,临命终时遇到大善知识不容易啊
1,2022.04.03,小丽,0,
1,2022.04.01,佛语禅心,5,生前一碗水，胜过坟前万炷香
1,2022.04.11,悠悠虎,1,是啊，和我父亲一样，他能吃饭为什么要插食管，我也不让，我天天做他喜欢吃的，不怕费事只要他爱吃，不吸收，也给吃，满足他的口感他觉得香就行，医生都觉得感动我们这么对待我父亲，他们看的太多的不孝的了……
1,2022.04.10,中医养生智慧,1,中国好儿女，为你点赞
1,2022.04.09,天使也掉毛,1,爸爸仁义
1,2022.04.09,MIss小鼠,1,
1,2022.04.09,巧艳,1,赞你
1,2022.04.09,铝业代表,1,
1,2022.04.07,卓马,1,
1,2022.04.06,用户dor,1,
1,2022.04.05,咿呀妖妖浪里个浪,3,你才是真正的孝顺
1,2022.04.04,阳光一姐,2,在家！告世，情况特殊！如果是居家别墅！不影响鄰居！否则！情况就别論了！
1,2022.04.03,大米,1,
1,2022.04.03,海跃南糯,2,胃管不能插，插了就拔不了一直到死。关键插胃管并没有什么卵用，还不如顺其自然。
1,2022.04.02,landing,1,
1,2022.04.01,心不净，难入定,10,这样没有错支持你
1,2022.04.10,@林,1,你，我爱你
1,2022.04.10,落地升华,1,这才是大孝
1,2022.04.10,快乐蚂蚁！,1,
1,2022.04.09,秀姐大,1,
1,2022.04.09,crystallee,1,您是大孝～
1,2022.04.23,一生的牵挂,0,很多家庭都是人一走就穿衣，不然僵硬了衣服换不上
1,2022.04.23,妙悟,0,为什么？
2,2021.12.20,邹小春,821,挺佩服这里的医生和护士，心理素质这的多强大
2,2021.12.30,Jay Corleone,37,心理素质事看的太多，经历的太多磨练出来的，我爸妈都是癌症死的，当时住在肿瘤科9号楼，上下都是癌症病人，生死在医院每天都发生…
2,2022.01.03,偷偷养只猫,5,你自己也要注意身体，
2,2022.01.04,Jay Corleone,2,无所谓了。
2,2021.12.21,miss刘,294,我好怕死。有没有跟我一样的
2,2022.01.14,我的眼里只有你,11,谁不怕死有时候想到有一天自己会死，然后就很伤感！
2,2022.01.14,小鸭子,2,我也是
2,2022.01.13,嗯哼,10,是人都怕死，但是死是无法避免的。死也许是这个世界上唯一一个能做到绝对公平的事情。
2,2022.03.07,为爱变乖,0,我爸爸生病的时候，有一次严重了，在我家住，他就说晚上他要是不行了，就把他往外边拽，不能死在我的家里，什么时候都为我着想，好想好想他
2,2021.12.20,渭水木子,168,父亲在ICU里和我见最后一次面，哭着说：我想回家……
2,2021.12.22,大美青海,14,我爸爸走之前对我说的最后一句话也是：我想回家，唉
2,2021.12.23,渭水木子,3,唉，一辈子都忘不了那一幕
2,2021.12.23,大美青海,1,
2,2021.12.20,用户1950094759503,219,有尊严的走，不要浪费钱，不要托累了，这是我真实的想法
2,2022.01.14,小莹莹呢（必买之物）,1,这里也很贵 家里最省钱
2,2021.12.28,正儿八经,2,好好的死真的很难！大多都是病痛，至亲疼在病人痛在自心。花光所有都愿意！个人看法
2,2021.12.22,唐,5,大家都一样，干干净净得来，从容得走
2,2021.12.20,飞猫叔,104,如果这样 给我来一针
2,2021.12.20,晃晃悠悠,8,60万一针
2,2022.01.03,子辰,1,死不起
2,2022.01.13,田园,1,死不起就不死
2,2022.01.13,铭记在心,14,我老婆12月4日走的，走之前也是叫我带他回家，可是根本不可能回得了家，最后也是在我怀里走的，还是我给她拔掉的氧气管。
2,2022.01.13,吴,0,抱抱
2,2022.01.14,杨家大小姐,0,为什么不可以回家？
2,2022.01.14,好事成双,0,全身插满管子，怎么回？一拨人就没了
2,2022.03.06,觉醒,0,我能帮他们去极乐世界！
2,2021.12.20,范姐,35,我想做个志愿者照顾他们
2,2021.12.20,天道酬勤a,35,什么医院有这种临终病房
2,2021.12.21,小钢豆儿～,1,地市级的三甲医院应该都有的，叫安宁疗护病房。
2,2022.01.04,大漠胡杨,0,进去很贵吧？不贵的话过几年我也想去
2,2022.01.14,小莹莹呢（必买之物）,0,超级贵
2,2021.12.20,夜猫子是也,53,心里不是滋味
2,2022.01.05,郁！！,0,心酸泪奔想起亲爱的妈妈
2,2021.12.21,斯人若彩虹,23,父亲走时所受的痛苦是我永远也忘不掉的，挽留不了，只希望他们能没有痛苦，尊严体面的告别这个曾经来过的人世间！
2,2022.02.11,YZ木易,0,我也是这样，一辈子的遗恨
2,2021.12.21,浪妞儿ღ,12,我妈妈最后也想回家，但始终没有回去，死在医院里，这也是我这辈子的遗憾，我没做到带她回家，是我不孝
2,2022.03.06,清风徐来44557,0,抱抱
2,2022.01.03,梦辞,2,不要自责，这不是任何一个人可以控制的。不是所有事都能按心愿
2,2021.12.22,海微澜,0,我也是，一辈子的遗憾
2,2021.12.20,泥沙泵渣浆泵厂家,26,我老公总是说把老的送了，小的安排明白了，自己彻底看了没用的时候，希望嘎嘣一下就过去了，我用泼他凉水，你的生死你能控制啊
2,2021.12.23,小快乐大幸福,2,好死其实是很难的。很多高僧大德修的也只是一个好死。所以我们要好好做人，修心养性，最后才能好死
2,2021.12.21,小时候，真好,0,我公公也是这样想的，可惜他还没亲自送奶奶入土，他先离我们而去了
2,2021.12.21,再不疯狂就老了,9,我爸跟我说，如果到了那一天让他在医院走，如果在家走怕我们会害怕，我跟他说：爸，这是你的家，我是你女儿，我肯定是在家里陪着你到最后，让你安心的走，不然我会遗憾终生。家人比什么都重要。
2,2021.12.20,雨婷,8,希望每个地方都有这样的医院
2,2021.12.30,士勋,6,我去探望病人的时候，隔壁床的一个阿姨不太好，那天吃饭她身边没有亲人照顾，我喂她吃了一顿饭，她说我是个好孩子，这是我们第一次见面，也是最后一次…
2,2022.02.16,梦境之林,1,母亲有了孩子后，一辈子都为孩子考虑，到最后都不想在女儿家去世
2,2022.02.08,张青,1,仿佛看到自己了
2,2022.03.06,清风徐来44557,0,等我父母一百岁后我就让他在家平静的走落叶归根
2,2022.02.22,忆然温暖,0,敬畏生命，
2,2022.02.19,开心过好每一,0,所有畏惧死亡抛弃死亡的都是懦夫
2,2022.02.13,找喜羊羊的懒羊羊。,0,“家”真是一个美好的名词
2,2022.02.11,日月,0,哪个医院有临终关怀室？？？
2,2022.01.31,董     颖,0,爸，肺癌去世，自己要求在医院怕妈害怕，医院只有普通病房，到最后其他床位都不安排病人了，尊重病人的要求
2,2022.01.29,风语ぁAK47,0,我也希望到那一天有尊严的离去！
2,2022.01.28,沉默的羔羊,0,每个人都会死
2,2022.01.27,荔枝,0,老人在快要走的那刻还是想着不要为子女添麻烦
2,2022.01.18,长成,0,人都没啥意思
2,2022.01.18,一半黄河一半海,0,人啊，还是无名无利的开心好一些，终点都是一样的
2,2022.01.18,大美,0,生死老天自有定数，挂念远方的特别的人！
2,2022.01.20,我老喜欢.,0,对 生死自有定数，只希望老人家不痛苦
2,2022.01.18,金水木,3,生老病死，人生规律！坦然面对！无悔无憾！人生唯一的一条路！尘归尘土归土那里来那里去！
2,2022.01.18,鹿人,0,好难受看到这些
2,2022.01.18,毛毛,0,阿弥陀佛
2,2022.01.18,用户3770741302918,0,icu里受罪
2,2022.01.18,鹿宝,0,可怜的
2,2022.01.17,NINJA★王,0,
2,2022.01.17,张家二小姐,0,我讨厌这个地方，我握着公公的手说：爸你要挺住，我们在呢，他平时就很信任我，可在死亡面前我却那么的无能为力！认眼泪流，心痛
2,2022.01.17,笑看红尘,0,
2,2022.01.17,青城,2,来自尘埃归于尘土
2,2022.01.17,云淡风轻的小婉,0,
2,2022.01.17,秋天,1,觉得吧，这人不管什么时候都想回家，不管是过年，还是在外面受委屈，你第一时间想到的就是，家。甭提是生命到了尽头了
2,2022.01.17,如画,1,突然心里很难过
2,2022.01.18,阿诺,0,阿弥陀佛
2,2022.01.17,—— 寄情,0,临终关怀
2,2022.01.17,小生有才,0,我也想过死 但是怕 不是把结束 而是新的开始
2,2022.01.17,小九',0,我们这里很多医院都没安排去单独房间，没有临终关怀，就在普通病房，其他床位的病人家属都会看着…
2,2022.01.17,哆啦小香,1,看到这些真的会泪奔
2,2022.01.17,申子辰,1,等我老了在还能走动的时候就找个高高的大山一直往上爬，爬到生命的尽头
2,2022.01.17,jack嘿嘿,2,小时候，看电视，无法理解生死；亲身经历了，才恍然发现，自己是大人了，除了坦然面对，就是继续活下去，过好自己的一生，也是对生命延续最好的诠释
2,2022.01.17,人间烟火¥,1,安排好所有，轻松上路，谁都躲不过这一天，尽量少留遗憾！
2,2022.01.17,波叔有毒,2,谁都会死，真正死亡到来，又有几个能坦然面对
2,2022.01.17,唯爱平妃,1,怕，真的怕，我妹妹晚期了，她还很年轻，侄女还小，千千万万个舍不得
2,2022.01.17,李明,1,活着就是一种修行…
2,2022.01.18,用户3770741302918,0,感慨，每个人都会经历
2,2022.01.17,无颜君,3,12岁的我晚上一个人想到死都会哭。今年32岁了，不怕死了，因为日子过得不好。我想赶紧走
2,2022.01.17,闫士啟,1,復孩子，坚强点！
2,2022.01.17,深海蓝鲸,0,我大学同学没辞职前就是临终关怀科室的护士
2,2022.01.17,暖向阳,0,落叶归根
2,2022.01.17,70年代,0,
2,2022.01.17,Tatan,0,哎
2,2022.01.17,大海好多水,0,我爸也是癌症走的，走前说不要在家走，怕我们害怕，当时听到这样的话很不是滋味
2,2022.01.17,Harold幻晨,0,爷爷去年走的，到家后留下眼泪就走了，走前两天晚上梦到他说想回家
2,2022.01.17,,0,
2,2022.01.16,天马望行空,0,
2,2022.01.15,造梦者,1,哎！人呢，想想真的是没意思
2,2022.01.15,优觅精选,0,尊重人
2,2022.01.14,无西赐清会—-大林先生,0,太怕了
2,2022.01.14,糖人,0,我不知道到底心里得强大到什么程度，才能坦然面对亲人的死亡和离去
2,2022.01.14,沧桑为饮,1,一定要生个儿子
2,2022.01.14,关于我妈妈的一切,1,我这辈子最后悔的事就是没让我妈妈在家里走。因为她不喜欢医院。
2,2022.01.17,于多多（请勿连赞）,0,抱抱你
2,2022.01.14,佛子～常明,0,阿弥陀佛
2,2022.01.14,章晴宇,1,我亲大哥昨天过世了…
2,2022.01.14,无忧ヾ(❀╹◡╹)ﾉﾞ❀~,1,生下来就没有想着活着回去，接受一切，坦然面对。死亡有时是一种解脱。加油吧！朋友，祝2022年平安快乐，一切顺心顺意。
2,2022.01.14,缘渡,0,人活着到底为了什么？
2,2022.01.14,已重置,0,其实死亡不可怕
2,2022.01.17,萌小包优选,0,可是离别是最痛苦的
2,2022.01.14,已重置,0,挺好
2,2022.01.14,已重置,1,不想给孩子添麻烦
2,2022.01.14,财源广进,0,上海人
2,2022.01.14,爵士梦客,0,难受
2,2022.01.14,不羁的风、,0,
2,2022.01.14,月  é丿ₐ,1,所以活着的每一天都要开开心心，不要为难自己
2,2022.01.14,人生一路,1,
2,2022.01.14,扯淡3458$,0,我奶奶在医院的时候眼看着不行了妈妈还在做饭，赶紧打了电话把家收拾出来，当天下午出院回家以后又好了
2,2022.01.14,苏格拉底哭了,0,什么电视呀
2,2022.01.14,如果有来生。,0,这是什么纪录片
2,2022.01.14,星光叔叔,0,能平静，安详，在温暖的房间里走，幸福而体面
2,2022.01.14,邮差,0,2019年底我的父亲永远离开了我
2,2022.01.14,风有风的颜色,0,
2,2022.01.14,猫狗大战,1,主要在医院能打止疼针，在家不行，医院不给开
2,2022.01.14,胡yanyan吖,2, 爸爸当初也是这样 想回家 我就带他回家 我会好好守护这个家 即使他不在了 但是他会一直在我心里
2,2022.01.14,小黄人,1,我母亲走时没人在她身边，她在外面意外去世我找到晚上12点才得知在医院去世了，这是我一身的痛没陪她走到最后。
2,2022.01.14,就还可以吧,1,
2,2022.01.14,用户5490428787137,1,我的父亲永远离开了我
2,2022.01.14,半字浅眉,0,人有啥意思
2,2022.01.14,清静,2,死只是生命轮回的一站还会来的。来时不知道自己曾经死过。不用怕。
2,2022.01.14,Joy_Zhou,4,我也是干老年病房的医生，老了真的没有尊严的，完全要依靠子女，如果子女不孝顺，如果没有退休金就更苦。见惯了太多冷暖。很可怜的。
2,2022.01.14,记忆去旅行,2,40岁的独生子，父母把全部都给了我，虽然父母很健康，但是越来越怕这一天的到来，不知道如何面对。
2,2022.01.17,慢慢,0,以前感觉自己离离死亡很远，三年送走2位，现在什么不想，把孩子拉扯大，母亲照顾好，之后我什么也不怕。死亡不可怕，可怕的是人心。
2,2022.01.14,@two@,0,和你一样，只是我的父母都往生了，他们努力陪伴了我几十年。我的父亲刚离开一个多月。难过…
2,2022.01.14,卢卢,0,父亲一直要求在医院。最后一天回的家。不知道天堂的父亲是否接受，走的时候应该吃尽了苦头。。。
2,2022.01.14,Grace,0,不要推给我看
2,2022.01.14,颗颗,0,
2,2022.01.14,Amber,0,希望大家都可以平安健康的活着
2,2022.01.14,水至清则无鱼,0,人世间是十八层地狱真的不假
2,2022.01.14,宁静♛,0,还是农村好，能回家
2,2022.01.14,劝君上回当,0,看到这一幕想起去世的父亲
2,2022.01.14,萌娃的美好生活,1,临终关怀，是最崇高的职业。
2,2022.01.14,珍珍,0,就是家属等到监护仪变成一条直线……
2,2022.01.14,用户4184863805192,0,这个医院在哪里，以后我也想去
2,2022.01.14,sunlihui,0,我爸爸在家走的
2,2022.01.14,红,0,
2,2022.01.14,高大强,0,我把父亲拉回家两小时他就走了，住院的时候我问过，他说他想家走的时候一定在家
2,2022.01.14,92552172243,0,我头好痛。
2,2022.01.20,我老喜欢.,0,去检查
2,2022.01.14,59451945,0,想哭
2,2022.01.13,陆琴,0,如果有一天，我也会选择去那里！
2,2022.01.13,肤白，小女人,0,想在家就在家呗，自己的家人嫌弃什么
2,2022.01.14,我只想睡觉,0,去那里不会那么痛，我邻居也是这样家里痛的不行，她女儿带他去上海哪里住院，5个月花了5.几十万，就是减轻痛苦，有尊严的走
2,2022.01.13,小兔子傻傻,0,愿安好
2,2022.01.13,我只是热闹的,0,现在都不敢去想要离开这个世界的时候会多么不舍得。
2,2022.01.13,彼岸燕雨,0,我爸临走的时候说，他不进icu
2,2022.01.13,@G.Y,2,人生自古谁无死啊
2,2022.01.13,定,1,阿弥陀佛
2,2022.01.13,㫪天,1,人呀呀生不带来死不带去
2,2022.01.13,十月,0,我爷爷也是
2,2022.01.13,施诗,2,人生就这一辈子……来一个人死一个人……接受不接受也得接受……好好生活吧第一次当人好好享受生活吧……人生喜怒哀乐悲欢离合加油＾０＾~
2,2022.01.13,念惜,0,很好的地方
2,2022.01.13,正源诗洛克陶瓷,0,
2,2022.01.10,用户2042444322340,0,临终关怀
2,2022.01.10,拙.,0,
2,2022.01.07,木紫,0,阿弥陀佛
2,2022.01.06,我滴乖乖,0,愿世界无癌郁病痛
2,2022.01.05,猫 言森林 媛芳,0,我婆婆说就要死在家里
2,2022.01.05,皓月争辉,0,
2,2022.01.05,用户8289362198921,2,落叶归根
2,2022.01.05,方山逸士,1,还是临终的时候在家里比较好，逝者会得到安慰和安全感
2,2022.01.05,用户4392837827650,0,
2,2022.01.05,如梦初醒_-,0,树叶的一生 只是为了归根吗？
2,2022.01.05,四姑娘,2,唉不接受也得接受，每个人都有那么一天
2,2022.01.05,三火,0,
2,2022.01.05,CY.,5,我不理解人活一生那么久，为什么不抽出点时间思考死亡。当然生活应该积极，更应该多想美好的事情，但是濒死时光，无论如何都应该提早释然。坦然面对的。
2,2022.01.05,狮子座的幻影,1,过段时间我会把我家的老房子翻新一下，这是爸爸的心愿，走后想回老家，多希望爸爸能够健康长寿
2,2022.01.05,薄荷凉,1,我母亲不想走怎奈何实在抗争不了病魔，最后的时刻还是不停地念叨让护士来给她打针，这成了我一辈子的痛
2,2022.01.05,甜枣麻麻,0,正在陪妈妈经历这这些，特别痛心，每当她哀求我放弃她的时候更是没办法面对
2,2022.01.05,右风,1,我想永远不死
2,2022.01.05,金色的小羔羊,1,爷爷去世，我没有送到他，一想到心里很难过。希望疫情早点过去，来去自由，说走就走
2,2022.01.05,彼岸,2,终点重要的是不受折磨，轻松的逝去就是最幸福的
2,2022.01.05,爱睡觉的小姜,1,医生护士是怎么接受这样的生离死别啊
2,2022.01.05,Jung Li,1,
2,2022.01.05,心语之心,0,有尊严的利去，不要那么多
2,2022.01.05,獨愛小阿狸。,3,临终关怀的重要性。
2,2022.01.05,西瓜糖,0,我想快点走，快点到生命的终点
2,2022.01.05,K（kpop版）,0,@張燦. 唉
2,2022.01.05,張燦.,0,
2,2022.01.05,張燦.,0,@
2,2022.01.05,天天天蓝,0,我爸在icu跟我说生不如死，想出来
2,2022.01.05,卓樾老娘,0,父母到死都在为儿女着想
2,2022.01.05,嘟嘟猫,0,公公出车祸住院就安排了一间特殊病房，离护士站特别远，而且床垫特别脏，像是病危病人大小便失禁遗留下来的痕迹！那是我第一次进医院那么紧张，后来，他转到了普通病房，万幸，一切安好
2,2022.01.05,说为了啥在,0,愿平安
2,2022.01.05,女人心,1,我的儿子曾经就住进了北京松堂关怀中心准备走最后一程……
2,2022.01.05,破晓后的黎明,0,南无阿弥陀佛
2,2022.01.05,维C银翘,0,我妈讲，我小姥在我家走了之后，她就再也不怕走夜路了，也不怕任何黑暗，我想可能有人保护她了，也就不用害怕了
2,2022.01.05,秋水伊人,0,记得看过一句话：人生下来就是为了求一个好死我希望我能痛快地死去，别遭罪
2,2022.01.05,万家树,2,我现在对死真的不怕，去年把我妈妈送走后对死一点也不怕了
2,2022.01.05,冷娘子,0,
2,2022.01.05,ᯤ,4,我父亲离开我24天了、最后走进了临终病房，历历在目，到现在我都不相信，人前坚强、我怎么能不难受啊、那是我的父亲啊、这辈子真见不到了
2,2022.01.05,努力奋斗,2,人这辈子，累死累活的。到底是为了什么……
2,2022.01.04,阜宁岳二哥,0,
2,2022.01.04,林仔仔,0,坦然啊
2,2022.01.04,好大哥,0,弥留之际应该忏悔今生所做的错
2,2022.01.04,如风321,0,有钱人的走法。
2,2022.01.04,=͟͟͞͞野孩子,0,看的我心痛
2,2022.01.04,用户3635738971079,0,这种病房走医保吗？贵不贵一天？
2,2022.01.04,刘拎醉家纺,0,@
2,2022.01.03,宁静致远,2,我们都将失去这短短的一生，没什么好怕的
2,2022.01.02,苏苏,2,希望自己可以安安静静的老死，而不是被病魔折腾死。不管死后成神成鬼。只希望死的时候是安静的。让我们都无痛无疼的告别这一生的困难
2,2022.01.04,一只小清音、,0,所以我想我的奶奶送幸福的最后回到了家安详的走在了家里
2,2022.01.02,暗夜€彼岸花,1,人生啊~~~到底有什么意义啊！如真有下辈子我不想再来了……
2,2022.01.02,跳跳的Show,0,换个配音吧
2,2022.01.02,萧,0,不要有病魔多好
2,2022.01.01,21号星蓝蟹,0,
2,2021.12.31,洒脱梦想家Rn,1,女儿的家，不是我的家
2,2022.01.05,用户9475340383975,0,所以我希望有一个儿子！结果两个女！
2,2021.12.31,珍惜,0,给我爷爷一样，我妈说叫他在妈妈爸爸家去世，可爷爷想到还有一个孙子没有结婚，啊爷爷奶奶一辈子也不容易
2,2021.12.31,星星,0,怕的是没能活了！，还要抢救
2,2021.12.30,吉祥如意,0,
2,2021.12.30,满城风旭,0,这世间，除了生死，其余的都是小事！
2,2021.12.30,用户990198丫丫,0,前者的离开，是对后来者的公平
2,2021.12.30,漫漫游,0,死亡并非生命的毁灭，只是新生命的开始。寄世之旅。
2,2021.12.30,唐韵,0,安宁疗护临终病房，人生最后一站。
2,2021.12.30,我本有心向明月奈何明月照沟渠,0,唉 很快也要轮到我了………
2,2022.01.03,雅痞,0,
2,2021.12.30,人,0,生为死做准备。
2,2021.12.30,Dream,1,看不了这个，那天把爸爸从医院带回家了
2,2021.12.30,风铃,0,还是家里好～自己的地盘～
2,2021.12.30,简单的,0,人之将死 、其言也善！
2,2021.12.30,王格,0,有人坦然接受，有人始终不敢面对…
2,2021.12.30,突然累了,0,我也怕死，越来越怕
2,2021.12.30,阳小咖,0,早晚要面对
2,2021.12.30,A,0,唉 人生真的是 明天和意外不知道那个先来 所以要开开心心好好的生活吧
2,2021.12.30,无声的雨,0,我想回家难受
2,2021.12.30,清梦扰,0,我想进去结束我这灰色的人生
2,2021.12.30,纳木和于大孩子,0,有正事
2,2021.12.30,敦煌启示录,0,阿弥陀佛
2,2021.12.30,宝贝嘟嘟猪,0,我想我爸了
2,2021.12.29,建伟机床配件,0,家是神，人，鬼，物。都需要的地方
2,2021.12.28,驾校在线,0,爸爸弥留之际一句话也没有说，唉！
2,2021.12.28,万紫千红,0,好沉重，我老公五十出头就突然离世，他太年轻，我好痛心，我好无奈。
3,2022.04.04,木吉,7,这是哪家医院  功德无量
3,2022.04.05,能老师大闸蟹,0,100
3,2022.04.05,新,3,这家医院在哪里，如何收费？入住人什么条件？
3,2022.04.05,能老师大闸蟹,0,需要了解情况？可私信
3,2022.04.05,Edith,2,这些失能老人真可怜，叫天天不应
3,2022.04.06,安迪叔叔,0,谢谢您了，功德无量
3,2022.04.06,雁门关外,0,苏州真是个人性化城市
3,2022.04.05,瘦笑笑,0,在哪里？
3,2022.04.06,能老师大闸蟹,2,100啊
3,2022.04.05,嘻嘻嘻,0,功德无量
3,2022.04.04,Z弦上的小胖手,1,
3,2022.04.05,你里的小乖兽,0,我才18岁，可不可以提前给我过88岁生日……我没想活下去，别人想生，我想死！
3,2022.04.06,能老师大闸蟹,0,活着多好
3,2022.04.04,旅行者小何,2,这是非常伟大的职业
3,2022.04.04,能老师大闸蟹,1,功德无量
3,2022.04.05,伤心的鱼,1,人性的光辉在你们身上体现
3,2022.04.19,特仑苏,0,李惠玲好像以前是苏大附一院护理部主任吧？
3,2022.04.12,最江南评弹,0,与国际接轨了
3,2022.04.05,香皂泡泡,0,
3,2022.04.06,你里的小乖兽,0,我不开心
3,2022.04.06,虎虎和一九,0,多么美好的年纪，等你到80岁的时候，最怀念的就是青春
3,2022.04.05,木吉,0,咨询地址
3,2022.04.06,能老师大闸蟹,0,沧浪亭东100
3,2022.04.06,能老师大闸蟹,0,沧浪亭东100其他不知道啊
3,2022.04.06,瘦笑笑,0,知道了
4,2021.11.08,宏安Gilbert,0,橱窗里有此书
4,2021.11.03,Ting,22,最后的祝福语是不是可以说： “祝你的生与死都能有尊严”
4,2021.11.03,宏安Gilbert,0,你很高级
4,2022.04.22,enjoy眠眠,2,所谓久病床前无孝子，何况是护工
4,2021.11.03,扣子七,13,不是因为你我才看完 而是因为这真的是我们这一生必须面对的问题 
4,2021.11.03,青山读书,6,有一本书叫《优雅的离别》也是告诉大家如何面对人生最后的离别。博主带着真诚而来。
4,2021.11.03,宏安Gilbert,0,哈，有空去看，谢谢鼓励
4,2021.11.29,陈雷英语,3,人们回避这个话题，大概是对死亡太过恐惧
4,2021.11.29,宏安Gilbert,1,人们逃避很多问题
4,2021.11.03,周准,5,好好的爱自己 爱生活
4,2022.03.05,大雄,2,老人需要的是陪伴与尊重真到了生病这个阶段很多事就身不由己了，不论是经济还是精力，所以我每次都会把看望老人当做一种任务，把每一次见面都当做最后一面.
4,2021.11.04,叶子,3,看完了，我也很羡慕那些突然死亡的人要是我会多好
4,2021.11.04,宏安Gilbert,0,可遇不可求
4,2022.04.22,enjoy眠眠,1,当时我父亲临终在ICU，我们多么的茫然无助
4,2022.04.22,宏安Gilbert,0,是，很多人都有类似经历，或早或晚吧
4,2021.11.03,向观,1,我母亲也是肺癌走的，可惜那时候我才三岁不到，体会不了太多
4,2021.11.03,宏安Gilbert,0,抱抱，后期很煎熬，如果能了解更多就会好很多
4,2021.11.03,是芝麻汤圆呐,1,好好生活，身体健康
4,2021.11.03,吴山居！,1,万事胜意，晚安
4,2022.03.10,一只假金毛,0,在陪我爸爸最后的日子里我看了这本书
4,2022.03.10,宏安Gilbert,0,确实很不错
4,2021.11.04,浮光^,0,我们这边我也是我妈腿疼住院，才知道有这么一个科
4,2021.11.04,宏安Gilbert,0,老年病角度应该更有针对性
4,2022.04.10,陈雷英语,0,越感恩越对死亡无所恐惧
4,2021.11.03,黑天（原声语录）,0,等我老了会是什么样子呢
4,2021.11.04,浮光^,1,走路缓慢，可能背也有点佝？
4,2021.11.04,黑天（原声语录）,0,能行动自理就成
4,2021.11.03,向观,22,身体健康，万事如意
4,2021.11.04,声•乘风戚,0,火了火了
4,2021.11.04,宏安Gilbert,0,没涨几个
4,2022.01.12,小七姑娘,1,17年 我就看了这本书 Being Mortal
4,2021.11.03,zss9001,0,最好的告别。
4,2021.11.03,壹拾壹,0,收藏
4,2022.01.22,饭困君,0,@徐凤年吃饱了
4,2021.11.03,高轶凡,0,@附鹤-
4,2021.12.22,百孝堂,0,
4,2021.11.22,李弱水.,0,@泼安潘
4,2022.01.22,LX_,0,@踩姑娘的小蘑菇 怕老不怕死
4,2022.01.22,LXT,0,顺其自然
4,2022.01.12,亦是人间惊鸿,0,寿命不分长短，有质量的活好每一天！！！
4,2022.01.12,amy宁子,1,突然siwang的 看来很痛很痛 换个角度想 真的很好 不会承受太多的病痛和痛苦。我一直希望 我能不那么痛 快速的离开，一切靠命。我求善 修自己
4,2022.01.12,宏安Gilbert,0,是啊，上辈子修的吧
4,2021.11.07,楠三碎,1,感谢分享
4,2021.11.05,An,0,感谢分享
4,2021.11.05,宏安Gilbert,0,希望有用
4,2022.01.22,Abc大胖子,0,感谢抖主推荐此书
4,2022.01.22,宏安Gilbert,0,希望对你有帮助哦
5,2022.03.26,海宴美发工作室（周一店休）,53,很赞叹师兄们做得这么好
5,2022.04.16,王秀,0,
5,2022.03.30,霏奶,41,感恩师父指点。
5,2022.04.09,莉儿,21,阿彌陀佛阿彌陀佛
5,2022.04.10,妙音,8,师父我喜欢看你的作品，有些视频我好想收藏起来，但是没有办法 就是转发都不得行。阿弥陀佛
5,2022.04.10,佛在人间,2,转发分享到自己日常可保持下载。
5,2022.04.15,鸿运当头来。,11,感恩师父好！感恩南无阿弥陀佛！感恩南无阿弥陀佛！感恩南无阿弥陀佛！保佑我们全民和合平安幸福快快乐乐
5,2022.04.14,浮梦,6,感恩师父慈悲开示！阿弥陀佛
5,2022.04.14,珍,6,阿弥陀佛是良药
5,2022.04.15,无压力,5,我很想为病危的人做临终关怀，我也信佛，但不懂，有木有资料呢
5,2022.04.15,涓涓细水,1,我也很想。一年前开始有这想法。不知道从哪下手。
5,2022.04.11,果强,3,顶礼师父，请问师傅，人在世间管父母吃，管父母住，带父母游山玩水，在人间最大的孝敬，是不是呀？师父
5,2022.04.14,白雪,0,让父母念佛，往生才是大孝，了生死大事
5,2022.04.11,我心清幽,3,阿弥陀佛感恩师父分享！
5,2022.04.16,咨含,2,我老爷子临终前我就是给他放阿弥陀佛，也念南無阿弥陀佛，他很安详走了，就像睡着一样
5,2022.04.11,仙女,2,我爸走的时候我就啥也不懂。已经走了快十年了。现在后悔
5,2022.04.10,珊姗,2,阿弥佗佛善哉善哉
5,2022.04.10,开心小草（关赞必回）,2,这也是一种孝
5,2022.04.09,小蝶,2,
5,2022.04.18,用户2005348619934,2,感恩师父慈悲开示！阿弥陀佛
5,2022.04.20,用户2083515684086,1,我们来到这个世就为离开在做准备希望我们换的衣服越来越庄严漂亮
5,2022.04.23,深秋的红枫,0,关中话重
5,2022.04.19,清水.静净敬竞境,1,阿弥陀佛药师琉璃光如来愿身体安康
5,2022.04.17,冰川里的小草,0,感恩师父指点
5,2022.04.23,用户3775161256465,0,阿弥陀佛
5,2022.04.22,芳芳,0,
5,2022.04.18,@,0,
5,2022.04.18,我是农民工,0,
5,2022.04.16,燕儿姐,2,感恩师父阿弥陀佛
5,2022.04.16,飘逸,0,
5,2022.04.16,淡墨轻衫,2,南无阿弥陀佛
5,2022.04.16,林中花,0,我们家公公走的时候，我们也是念，南无阿弥陀佛，南无阿弥陀佛，南无阿弥陀佛
5,2022.04.16,用户8479952843832,0,我父亲火花那天遇到106岁的老太火花时，念佛经
5,2022.04.17,用户5050012318626,1,感恩师父指点。
5,2022.04.20,徐徐  翰林书法,0,阿弥陀佛
5,2022.04.16,欢喜,0,看着最亮的地方？
5,2022.04.16,白云0909,0,
5,2022.04.16,语桐,0,阿弥陀佛，感恩师父分享
5,2022.04.16,将心比心,0,@
5,2022.04.16,关凤相,0,
5,2022.04.16,乖宝,0,感恩师父阿弥陀佛
5,2022.04.16,知足开心,0,啊弥陀佛
5,2022.04.16,清风,0,
5,2022.04.16,改变自己随缘,0,
5,2022.04.16,睿睿奶奶,0,南无阿弥陀佛
5,2022.04.16,风过痕,0,南无阿弥陀佛感恩分享，母亲和父亲都很殊胜，感恩大姑付出
5,2022.04.16,杰仔子,1,孝尽年老的父母，兄弟姊妹们合睦，并给父母做好最后的临终关怀心理准备
5,2022.04.15,二宝奶奶,0,感恩师父指导！南无阿弥陀佛
5,2022.04.15,秋之浪漫,0,我妈妈即将去世时的一个月我每天给她诵经，临走前的一个晚上我坐在妈妈床边诵地藏经经一个晚上。
5,2022.04.15,秋之浪漫,1,妈妈走的时候面容安详如莲花
5,2022.04.15,慧儿吖,0,
5,2022.04.15,莫问红尘,0,感恩师父开示我的老母亲做一辈子善事！就知道自己啥时走啊
5,2022.04.15,无根藤,0,
5,2022.04.15,人狼格,0,感恩师傅
5,2022.04.15,老穆,1,有阿弥陀佛保佑着太幸福了
5,2022.04.16,芬子,0,阿弥陀佛
5,2022.04.15,果果,0,你说的太对了，为你点赞赞赞赞，都这么做就好了。
5,2022.04.15,心證,0,最刺眼的是佛光？有没有搞错
5,2022.04.15,阳春三月,0,南无阿弥陀佛，感恩师傅
5,2022.04.15,山流水,0,
5,2022.04.15,用户323252,0,
5,2022.04.15,云卷云舒~,1,感悟生死观
5,2022.04.15,蚊子,0,阿弥陀佛
5,2022.04.15,A看看,0,阿弥陀佛
5,2022.04.15,用户8457646390594,3,随喜赞叹南无阿弥陀佛
5,2022.04.15,平安,0,南无阿弥陀佛
5,2022.04.16,用户8087529593253,0,南无阿弥陀佛
5,2022.04.15,平常心114,0,妙华法师慈悲
5,2022.04.16,芬子,11,我婆婆是老年痴呆，我伺候三年，天天放佛号放佛经，最神奇的是临走头一天，就认识我，并且眉开眼笑，这是让我最欣慰的。
5,2022.04.15,黄辅仪,0,南無阿弥陀佛南無观世音菩萨
5,2022.04.15,用户8597992162065,0,阿弥陀佛
5,2022.04.15,圣友,0,
5,2022.04.15,……,0,南无阿弥佗佛！南无阿弥陀佛！南无阿弥陀佛
5,2022.04.15,今生今世,0,@
5,2022.04.15,平淡,0,阿弥陀佛
5,2022.04.15,感恩大宇宙,0,@海纳百川：佛教不是点檀香吗，道教点沉香吗
5,2022.04.18,敬莲,0,道教点降真香
5,2022.04.15,霞孙,0,感恩师傅
5,2022.04.15,静默留下美好的回忆特殊时期谢谢大家的关注,0,
5,2022.04.15,丛卫国,0,南无阿弥陀佛
5,2022.04.15,思存,0,师傅你对死什么感觉
5,2022.04.15,用户417115608102,0,感恩，
5,2022.04.15,李淑芬,0,六时吉祥：南无阿弥陀佛！
5,2022.04.15,感恩遇见，感谢所有！,0,
5,2022.04.15,女人性如水,0,
5,2022.04.15,用户7570305081061,0,阿弥陀佛
5,2022.04.15,叶落归根,0,阿弥陀佛
5,2022.04.15,心暖向阳,0,南无阿弥陀佛
5,2022.04.15,用户5487235783727,0,南无阿弥陀佛
5,2022.04.15,用户575471360393,0,南无阿弥陀佛
5,2022.04.15,折耳猫,0,阿弥陀佛
5,2022.04.14,清静手势舞,0,阿弥陀佛
5,2022.04.14,心寂,1,真好！孝顺！
5,2022.04.14,仙仙,0,阿弥陀佛！阿弥陀佛！阿弥陀佛！
5,2022.04.14,孝行天下弟八期,0,
5,2022.04.14,风清,1,阿弥陀佛山
5,2022.04.15,好运深拥我1314,0,南无阿弥陀佛
5,2022.04.14,用户6638229631377,1,阿弥陀佛，阿弥陀佛
5,2022.04.14,静思,1,感恩法师
5,2022.04.14,一世长安,1,阿弥陀佛，感恩师傅分享
5,2022.04.14,白雪,1,阿弥陀佛是看到西方三圣，才能跟着走
5,2022.04.14,心辉忆冷,1,学习了 感恩师傅
5,2022.04.14,秀峰,0,
5,2022.04.14,用户5961704401000,0,
5,2022.04.14,净莲（请勿连赞）,0,感恩师父南无阿弥陀佛
5,2022.04.14,喜欢抖音,11,感恩遇见对的人，感恩阿弥陀佛南无观世音菩萨
5,2022.04.14,地瓜,1,顶礼感恩师父，阿弥陀佛
5,2022.04.14,踏雪无痕,1,佛在《地藏十轮经》里说现在有四种僧，请问你是第几种？
5,2022.04.14,无忧花开,0,阿弥陀佛
5,2022.04.14,常心,4,做的这么好赞叹师兄
5,2022.04.14,用户2614523836778,0,
5,2022.04.14,用户8508622528113苏苏兰草,1,生命是有轮回的！阿弥陀佛！
5,2022.04.16,一生平安-黄姐,0,阿弥陀佛
5,2022.04.14,杨燕飞,0,顶礼师父，阿弥陀佛
5,2022.04.14,？,0,阿弥陀佛
5,2022.04.14,娇娇,0,南无阿弥陀佛
5,2022.04.14,贺,0,@阿弥陀佛
5,2022.04.13,凡所有相，皆是虚妄。,0,阿弥陀佛，感恩师父的引导以及开示。
5,2022.04.12,温馨刘,1,感恩师父开示！阿弥陀佛
5,2022.04.12,雨辰濛濛,0,感恩师傅开示大爱
5,2022.04.12,香,0,感恩师父
5,2022.04.12,钦秀,0,阿弥陀佛
5,2022.04.12,上善若水,0,师父，我的父母愚昧无知，平时比较比较斤斤计较，如何让他们能够懂佛，学佛，信佛？阿弥陀佛，顶礼师父
5,2022.04.11,滇招源茶山,0,请求师傅给我一些指点，该怎么做？
5,2022.04.11,滇招源茶山,0,请师傅解释一下，这是什么情况？
5,2022.04.11,滇招源茶山,0,师傅，我的母亲不再有三年多了，有一件事我很不解，她走的时候非常痛苦，非常难受，彷徨了两几个小时，就是很难断气的那种，当时我是没在身边，父亲和姐姐哥哥们在，母亲走了以后，我时常梦到她都是不好的梦啊，
5,2022.04.14,踏雪无痕,0,她罪孽深重
5,2022.04.14,杨向红,0,心里丢不下你们
5,2022.04.21,淨意空鳴,0,念地藏王菩萨本愿经回向给她
5,2022.04.11,用户9153533185246,0,阿弥陀佛
5,2022.04.11,一火,0,
5,2022.04.15,糖果,0,阿弥陀佛
5,2022.04.11,果强,0,阿弥陀佛
5,2022.04.11,念善,0,阿弥陀佛阿弥陀佛阿弥陀佛
5,2022.04.11,菩提,0,
5,2022.04.11,善红姐,0,感恩
5,2022.04.10,阳光云光明莲,0,
5,2022.04.10,用户3148315162473,0,感恩师父
5,2022.04.10,用户9004057952070,0,@
5,2022.04.10,水莲,0,@
5,2022.04.10,黄河水,0,阿弥陀佛
5,2022.04.10,邓玉杰~,0,阿弥陀佛
5,2022.04.09,用户5108926760133,1,阿弥陀佛
5,2022.04.09,锁骨上的金鱼,1,感恩师父
5,2022.04.09,用户6073920005384,0,@
5,2022.04.09,红霞,0,
5,2022.04.09,糯米,1,阿弥陀佛
5,2022.04.08,牧马人,1,
5,2022.04.08,家和万事兴，佛法在心中,0,阿弥陀佛
5,2022.04.07,静心含笑天,2,
5,2022.04.07,红太阳,0,
5,2022.04.07,小小,6,阿弥陀佛！
5,2022.03.30,夏万香,2,
5,2022.03.26,修行的我（拒绝私聊）学佛的路上，不善于,1,
5,2022.03.26,幸福女人,1,@
5,2022.04.15,用户9058652361342,0,阿弥陀佛
5,2022.04.15,糖人,0,阿弥陀佛
5,2022.04.15,用户6141652649181,1,阿弥陀佛
5,2022.04.15,海棠花用户2669447214682,0,阿弥陀佛
5,2022.04.15,物竞天择,0,阿弥陀佛
5,2022.04.19,用户9802263978135,0,
5,2022.04.21,淡雅的微笑,0,
5,2022.04.22,自由自在,0,
5,2022.04.20,王丽,0,
5,2022.04.20,天娥,0,
5,2022.04.19,陌生人,0,
5,2022.04.18,你好！,0,
5,2022.04.18,木子（拒私聊）,0,
5,2022.04.17,芷若幽兰,0,
5,2022.04.16,心如明镜,0,
5,2022.04.16,橙皮,0,
5,2022.04.16,邹桂琴,0,
5,2022.04.16,用户5101073781358,0,
5,2022.04.16,。,0,
5,2022.04.16,用户9088693530382,0,
5,2022.04.16,毛毛,0,
5,2022.04.16,幸福一生,0,
5,2022.04.16,正法眼藏,0,
5,2022.04.16,用户2890574552190,0,
5,2022.04.15,晚成风子,1,
5,2022.04.15,从头再来吧,0,
5,2022.04.15,金秋,0,
5,2022.04.15,高海华,0,
5,2022.04.15,贤宛,0,
5,2022.04.15,善缘,0,
5,2022.04.15,小白花,0,
5,2022.04.15,zlq,0,
5,2022.04.15,吴,0,
5,2022.04.15,富姐,0,
5,2022.04.15,给你一点阳光就灿烂,1,
5,2022.04.15,用户3085917211041,0,
5,2022.04.15,觉芳,0,
5,2022.04.14,大山55195,1,
5,2022.04.14,核桃,1,
5,2022.04.14,✿高冷帆✄,0,
5,2022.04.14,橙橙,0,
5,2022.04.14,红红武,0,
5,2022.04.14,初心2908242911269,0,
5,2022.04.14,边走边笑,1,
5,2022.04.14,米建欣,0,
5,2022.04.14,陆卫群,1,
5,2022.04.14,辽阔的草原,0,
5,2022.04.14,麻麻,0,
5,2022.04.14,G y h,0,
5,2022.04.14,用户60036405,0,
5,2022.04.14,朝阳伟伟,0,
5,2022.04.14,天和装修设计工作室,0,
5,2022.04.14,天外仙女,0,
5,2022.04.14,望星空,0,
5,2022.04.14,快乐的幸福生活,0,
5,2022.04.13,用户7144606005394妙无,0,
5,2022.04.12,行善积德,0,
5,2022.04.12,飞雨,0,
5,2022.04.12,凤,0,
5,2022.04.12,感悟人生,0,
5,2022.04.11,朕乃刁民,2,如果有人想全面了解临终关怀的方法请阅读《藏地生死书》《中阴闻教得度》。大和尚说的与这俩本书说的完全吻合，我还想强调的是这俩本书非常的重要，有人看到我的文字请一定要阅读一下。
5,2022.04.11,阿弥陀佛,0,
5,2022.04.11,男男,0,
5,2022.04.11,董事长1953,0,
5,2022.04.11,用户3579947663669黄白娥,0,
5,2022.04.11,2090777369,0,
5,2022.04.11,好,0,
5,2022.04.11,吴敏,0,
5,2022.04.11,小北,0,
5,2022.04.11,用户5026196893987黄素莲,0,
5,2022.04.11,步入老年,0,
5,2022.04.11,Lion,0,
5,2022.04.11,冬梅,0,
5,2022.04.10,蓝熏,1,
5,2022.04.10,春天姐,0,
5,2022.04.10,牡丹花,0,
5,2022.04.10,随缘,0,
5,2022.04.10,一家人,0,
5,2022.04.10,古法亮眼,0,
5,2022.04.10,兰花,0,
5,2022.04.09,李丽华,0,
5,2022.04.09,西来,0,
5,2022.04.09,北舞渡供销社狮子头，四季红时装行！华霞,1,
5,2022.04.09,妮子,1,
5,2022.04.09,齐老四,1,
5,2022.04.09,红果,0,
5,2022.04.09,用户5193978168753,1,
5,2022.04.09,快乐神仙,1,
5,2022.04.09,幸福小六,1,
5,2022.04.08,色即是空,1,
5,2022.04.06,妙静,0,
5,2022.04.03,用户4843997507961,1,
5,2022.04.03,道号：陈昌一,1,
5,2022.03.31,亲真居士,1,
5,2022.03.28,宁静致远,1,
5,2022.03.28,华姐（爱唱歌）,1,
5,2022.03.28,爱全家的猫,1,
5,2022.03.27,感恩是福,1,
5,2022.03.27,顺其自然,1,
5,2022.03.27,茶香姐,1,
5,2022.03.27,小树叶,1,
5,2022.03.27,觉悟,1,
5,2022.03.26,本来没有我,2,
5,2022.03.26,王秀文,4,
5,2022.03.26,叶子叫兽,1,
5,2022.03.26,清风明月,1,
5,2022.03.26,DM,1,
5,2022.03.26,我会好好的,1,
5,2022.03.26,黄连厚朴,1,
5,2022.04.15,还想去西藏,0,大师
5,2022.04.10,516651675168,0,
5,2022.04.14,请叫我二姐,1,我40岁，信佛，但是身边的人几乎都没有信仰，我妈也说我年纪轻轻就迷信
5,2022.03.27,用户2833439975479,1,赞叹：
5,2022.03.26,༻ 宝哥 ༻,1,
5,2022.03.26,我的整个世界都是星星,1,
5,2022.03.26,上善若水,1,感恩师父
5,2022.04.21,用户1137120150978,0,
5,2022.04.20,W.S.H.X.X,0,阿弥陀佛
5,2022.04.20,李红,0,老妈妈老厉害自己还能遇知何时走
5,2022.04.18,福娃,0,感恩
5,2022.04.17,吉祥云,0,
5,2022.04.16,王女昌,0,
5,2022.04.15,心,0,
5,2022.04.15,春秋暖阳,0,
5,2022.04.15,芙蓉520216,0,
5,2022.04.15,用户5216060300776,0,
5,2022.04.14,口水泡泡,0,我妈走之前我不敢，没有勇气谈…死…这个字，太崩溃了。，心理上接受不了，
5,2022.04.14,绿萝,0,
6,2021.09.22,静,2679,说的真好。在亲人离开的最后时光，应该是踏实安详的走完人生。生老病死是自然规律，又是自己的亲人，有什么好怕的。让老人在自己熟悉的环境，在子女的陪伴和守护中安详离世，这是每个人都应该做的事情。
6,2021.10.02,以和为贵,15,主播说的太好了
6,2021.10.14,都市打工者,5,说的好
6,2021.10.23,霞姐,1,非常赞同小萌的说法。
6,2021.09.22,芳草妮妮,1746,说得真精典
6,2021.09.24,榆娟,8,真正的正能量的传播
6,2021.12.05,海纳百川,0,
6,2021.10.13,山青水秀,0,
6,2022.02.28,晓琪,1,说是那样说，有几个能做到！
6,2021.09.22,薛薛,871,我现在已经和孩子们说好了，不管我得什么病。不需要抢救，有质量的活。不需要长寿
6,2021.10.02,漂泊的川汉子,10,我认为在能抢救，有救治希望的应该抢救，在慢慢已经进入不可逆转时，相当于已经医院都宣判了就没必要再折腾了
6,2021.10.14,舒$心,1,非常赞同你的说法
6,2021.09.23,蒋啟俊,6,我也是这样想的
6,2021.09.22,霞,704,小萌说的太好了，自己身边最亲的人怎么可能害怕。
6,2021.09.24,$**嘴里叼着棒棒,11,对的，故事中的主人公怕吓着孩子真说的出口；我们那爸妈去世了，棺材放大厅，儿子是要打地铺陪三个晚上的，有啥怕的，自己亲人难道会害你不成
6,2021.10.09,开锁刻章配钥匙,2,我父亲去世第三天，我读初中的女儿晚上就要一个人睡父亲的床，说她不怕，睡父亲的床想梦到爷爷
6,2021.09.23,用户3870420462241,0,你说的好
6,2021.09.22,用户521123873,644,非常接地气！
6,2021.09.27,细雨绵绵羽华,0,美女讲的非常好 ，最喜欢看到你的解说
6,2021.09.24,嘿呦嘿,3,我真是不理解有些人怎么忍心不让自己的亲人在家里走完最后的路程，借口小孩子会怕，我就觉得是太残忍，太没人性！
6,2021.09.22,wch,435,关键是医生要有良知
6,2021.10.11,墨菲的战争,0,能当钱花吗？
6,2021.09.22,林雨,4,是的太对了
6,2021.09.23,用户5981219827716知足,16,你理解错了这个概念了？与医生毫无关系
6,2022.03.26,修炼智慧,0,临终关怀非常重要！讲得很好！
6,2021.09.23,快乐50后,272,主持人说的好，经过医生诊断，生命不可挽留了，就没有必一进 ICU，关键是解决临终前的死亡痛苦有尊严的离去
6,2021.10.14,金风,1,
6,2021.09.29,快乐人生,0,vl
6,2021.09.26,两岸,3,李小萌有思路、有格局…我们的村里，一个老人在家临终西去，这个房屋及这个家庭都会辈辈安详，儿女能有机会陪伴老人逝去，那就是你一生最很幸运的的事…
6,2021.09.22,门沙沙,407,正视生命的每一个自然过程，确实是种修炼，现代的人真的太惧怕死亡了
6,2021.09.24,芳草,2,说得太经典了。
6,2021.09.23,九月,3,生命有限才有价值
6,2021.10.02,一鸣,2,看看日本电影入殓师，就不会那么害怕了。
6,2021.09.22,書林,315,人性。不要迷失人性。不要残忍的对待将要离去的亲人，自己也会有那一天。
6,2021.09.22,我家有女,10,无力回天，陪伴走完了生命旅程不要道德绑架别人
6,2021.09.23,百花深处的猫,19,怎样才是残忍的对待？让将要离去的亲人平静安祥才是最好的。而不是用一堆仪器让病人痛苦的煎熬着
6,2021.09.23,書林,0,
6,2021.09.22,用户2587848355359,181,全网最有正能量的人李小萌，我们大家都很爱你
6,2021.10.22,我想我是海,0,李小萌真是智慧女性，说的太好了，
6,2021.09.30,用户天性未灭8062985935673,0,
6,2021.09.22,遍地∫红尘,282,说的太好了，我是真正经历过爷爷奶奶过世，最后的时光，特有感受
6,2021.10.02,用户2443502938460,0,
6,2021.09.23,国家太平,0,
6,2021.09.22,用户9526428814300,258,說的太經典了
6,2021.09.22,用户7027865104553吉祥如意,0,
6,2021.09.22,用户868038022539,169,小萌，你说的太对了，生老病死，没什么可怕的
6,2021.09.22,乐瘾,122,讲的很好，你这样的视频该火。
6,2021.09.22,Liuguoxiang,92,支持这个论点
6,2022.03.06,觉醒,0,无效治疗，真为他好，临终帮他出轮回去成fo
6,2022.02.25,婚礼司仪  何格,0,你说的太对了
6,2022.02.18,小平,0,美女主持我敬佩你
6,2022.02.12,开心就好,0,抢救其实是二次伤害，在自己熟悉的环境和亲人的陪伴下，安详离去的老人，其实是最幸福的。
6,2022.01.29,流量：埃及古董商,0,生命最后临终关怀很重要，有尊严
6,2022.01.08,用户5883600051118,0,小萌你说的真好，我姐妹拒绝了医生的建议没让老父去ⅠCU。
6,2021.12.22,百孝堂,0,“对症下药”很关键
6,2021.12.21,善缘,0,传统人文道理多向世人宣传贯通太正确了向主播点赞
6,2021.12.20,菲斯（手机摄影）,0,说出了很多人都不愿意说的话
6,2021.12.19,用户8308056434096,0,
6,2021.12.13,垂钓,0,同意。
6,2021.12.13,禅,0,医生知道吗？答案是知道的。可。。。。
6,2021.12.13,用户4324021028001,0,有道理
6,2021.12.12,大华,0,讲的很好，应该多宣传宣传，对死亡的认识，特别是老年人在病重或最后的离去，不要把他们送到医院，因为他们已经并重，也不需要什么治疗，只需要家里人的陪伴
6,2021.12.12,凯旋,0,
6,2021.12.12,兰笑人生,0,说的真好
6,2021.12.12,用户4226592268479,0,@说的对。
6,2021.12.12,莫系均,0,美女真棒，有智慧，说的句句是理。
6,2021.12.12,尹红66年,0,说的太对了
6,2021.12.09,太极木子,0,人生就是生命的过程，我们要正确对待，我遇到很多人故去的场景，我从来没有惧怕，能够体面让病人离去，是一种极大的心理安慰！
6,2021.12.13,雨荷,0,同意
6,2021.12.08,用户5102749671495,0,主播你说的太对了，人老病死是正常的，我赞同你的观点。
6,2021.12.08,用户6145025138359,0,实话
7,2021.09.17,木木同学,486,我的爷爷跟这位爷爷一样的病，现在庆幸我们全家没有那么自私的挽留爷爷。虽然那种失去亲人的痛是刻骨的，可是，我还是庆幸没有让我亲爱的爷爷没有遭这样的罪，您长眠，我长念，我爱您爷爷
7,2021.10.08,用户1784938431466,6,我宁愿她受罪，也要挽留，也要自私，拔管就等于放弃生命，虽然没什么意义，去年我奶奶也是这样走的
7,2021.10.20,豆沙包,7,不是自私，而是爱得深沉。父母在，家就在，父母不在，兄弟之间好像就少了那一丝丝联系
7,2021.10.20,用户2169808933453,3,求生不能，求死不得，得是多大仇恨
7,2021.09.17,华华,138,谢谢您和我想法一样！icu让我父亲插管，我家都不同意，老公问我为什么，我说古代只有仇恨到极点才让人求生不得求死不能！我接我父亲回家了，被医生诊断一个月生命期的父亲现在挺过半年多了，无创呼吸机缓解病情
7,2021.09.17,吉祥如意,6,顺其自然是最好的良药
7,2021.12.03,吃饱撑的,2,和我一样的选择，我也选择没有创伤性抢救
7,2021.12.02,小青蛙,3,我妈确诊胰腺癌晚期说能活一个月，在家护理半年才去世
7,2022.04.11,香烟爱上火柴,0,慢阻肺病人
7,2021.09.17,果然,143,怎么理解生命，对待生命，有尊严的活，是需要学习的。
7,2021.10.17,西瓜~,1,lllllllll
7,2021.09.17,枫海昕辰,122,这个视频真的很好很好。
7,2021.09.17,坚强的石头,86,如果有一天我这样了，希望家属家属让我安安静静的走，
7,2022.03.12,达摩,0,你们是没亲身经历不明白，那一刻真的不敢放弃
7,2021.10.20,隐姓埋名,3,不会的，会敲锣打鼓
7,2021.11.30,木瓜,3,30岁了 让你活成这样 你也是个人才
7,2021.09.22,Niko酱,27,儿子的做法完全可以理解，但是他们经历不了他父亲的绝望。
7,2022.03.10,毛毛的妈妈,0,我也理解，只要他还活着，哪怕躺在病床上，还有一口气在，都是爸爸还在
7,2022.01.05,@～betty记录生活,1,这种绝望我经历了两次，妈妈先生病过世，爸爸生病过世，真的用将近十年才慢慢走出来一些，到现在还是不能想起，想起那种绝望 都依然很心痛。
7,2022.01.07,Niko酱,1,活在未来，抱抱
7,2022.04.02,ღ᭄ꦿ꯭只等你一人ঞꦿ᭄,0,真不敢相信老王就这样的走了
7,2021.09.17,阿仔,53,我的母亲就是这个过程，我很认真的看视频，让我回忆起我的抉择，我的母亲就是这样给我抉择痛苦走的，妈妈，我对不起你，到现在看所有这些ICU的视频，我的痛苦流泪。救与不救至今同样无法抉择，都无法放过自己。
7,2021.09.18,Saa.5a,1,确实，放弃可能会被人说，也会绑架。但是作为病人都希望家人放过自己
7,2021.09.24,大叔,1,也要看人的。我老妈就有想活下去的想法。病危前话还能说的时候还要求我们给她转院。唉，进去后就一天就走了
7,2021.09.24,Saa.5a,0,有时候人生面临选择题的时候也很无奈。
7,2021.09.17,派大星、,61,很用心的视频，谢谢
7,2021.09.17,风铃,54,经历过所以理解医生更理解家属
7,2021.10.05,念如故、,2,那些说不理解儿子的人多半是没经历过这种情况。在网上打段字当个圣人是比自己签字决定亲人生死容易多了。
7,2021.09.17,墨染年华ら,38,生与死，看到这些心里会隐隐作痛
7,2021.09.17,抓抓的女王,33,我认为还是要尊重个人意愿。提前和身边人说好交待好。这样家人心里也不会那么沉重。
7,2021.10.06,Sonsy,0,很难平衡 但是我希望有尊严
7,2021.12.05,抓抓的女王,0,我都和老公家人反复交代。怕受罪交代过如果发生，他们心里应该会好受一点
7,2021.09.17,萍萍,30,感情上家属们是万般不舍，但是对于老人来说，一年零四个月，那是生不如死的折磨。我婆婆就是到最后插气管，医生说只是让她醒过来看看家人而已，最终还是要走的，但是我们选择了让她在昏迷中安静舒服的走。
7,2021.09.17,江江,28,哎，真的没有意义，所有人都痛苦
7,2021.09.17,暴躁君请歇歇,25,不知道说什么好，老人太痛苦了
7,2021.09.20,小盐小糖,21,每个人都是哭着来到这个世界，希望走的那一刻，可以笑着离开。琼瑶曾说：帮助我没有痛苦地离开，比千方百计让我痛苦地活着，意义更大。
7,2022.03.10,0℃,0,别人我是不清楚，我公公，甚至村里的老人，真正看得开的才会那样，但真正的没几个可以笑着离开，越到生命尽头求生的欲望更强
7,2022.03.11,瞎溜达,3,我爸爸现在也是这个病今天在ICU住了几天了，我爸是清醒的时候进去的，爸爸自己选择进去的，我们不同意切气管
7,2022.03.10,₅岁₂₀月¹悠³¹长⁴,1,视频中的明显不是老王，老王脸上没有那么大的𥺃
7,2022.03.11,小石头--周佩思,0,@醉人 如果有天老了，我这样，一定不要这么折腾
7,2022.03.12,醉人,0,到那个时候怎么会舍得……
7,2022.03.16,耀耀糖糖,0,百希瑞都用上了，一路走好。。。
7,2022.03.16,华泰批发手机,0,
7,2022.03.14,ネф̶ イω°,0,我的爷爷也是这个病，那时候医疗条件不好
7,2022.03.12,张掖·紫宸,0,好医生
7,2022.03.10,Mandy,0,不经历过一样的事，真的要亲身经历才会懂，别站在道德制高点抨击别人。
7,2022.03.10,天灵灵地灵灵,0,全抖音最好的文章
7,2022.03.10,许锦峰,0,大家还是多关心一下生活的质量吧，那才是生活的意义。生活的长度是命里注定的，改变不了多少。珍惜眼前人，才是我们该做的事。
7,2022.03.10,姚学泉,0,唉，让我想起了我的爸妈
7,2022.03.10,ゞ霸王硬上弓、,0,（终于）是什么意思
7,2022.03.10,酸菜鱼不酸了,0,老王给家庭赚了不少钱 
7,2022.03.10,苏州门窗基地--行家,0,去年朋友母亲，也是插了好多管子。放弃治疗了。
7,2022.03.10,随心，雪出，看事态万千,0,我父亲也是肺里二氧化碳过高！含量60！正月在县医院里走了！呼吁大家在家用家用制氧机一定要用小风量！不要24小时用
7,2022.03.10,王宝,0,生命无常，子女也是在害怕亲朋邻居流言中去坚持，可怜的孝道，中国式孝道。
7,2022.03.10,随风,0,我老爸也是这个病走的，一模一样，从发病到去世不到48个小时，也没有受多少罪。
7,2022.03.10,啤酒花,0,怎么理解生命，对待生命，有尊严的活，是需要学习的。
7,2022.03.06,张川,0,谢谢老王发给我们的快乐
7,2022.03.04,美你屋美容馆,2,这不像老王
7,2022.02.22,66,1,想到了我的父亲，也是这样在ICU里面住了10多天后走了，心如刀绞
7,2022.02.17,开超市的胖墩墩,0,其实这也是两难的选择，放弃治疗一个是不甘心，再一个就是会觉得自己不孝，不放弃治疗老人还遭罪，太难选择了，等我有那一天，我提前跟孩子说，不用考虑，直接放弃！
7,2022.02.14,向死而活,0,医生都这样说，显得他们医术高明
7,2022.03.10,M.T,0,和我父亲一，样因为老一辈身体在年轻时已经透支太狠了，插管 ，已经挽留不回来了，当初拒绝了医生，回家也没有坚持到1个月，安详的走了，希望母亲别怨我
7,2021.09.30,推土机推推推,0,@袁梦男友
7,2022.02.16,二,1,一路走好
7,2022.02.09,暖心（拒私聊）,0,好可惜
7,2022.02.08,陌生人,0,我默默的看完了，似乎想说什么但是又不知道说什么。我闭上眼睛叹了一口气。无奈的滑到下一个视频
7,2022.02.08,蟹不肉,6,是和六爷拍视频的老王吗
7,2022.02.07,@仙居饼佬工业路总店,0,我爸就是这样走的
7,2022.01.27,浅笑柔,0,如果有一天我病了决不受这样的醉
7,2022.01.26,俗人一族,2,这不是他
7,2022.01.26,！,0,我一个叔公也切气管已经维持一年了，确实生命只有一次但是活着我们都看得见
7,2022.01.25,不知道是谁的谁,0,感谢你记录了老王的最后一程
7,2022.01.25,岁月静好,0,看到这个视频，心如刀绞，我妈妈也是，一个人在Icu里苦苦的孤独的撑过了三十多天，终究去了天堂，看似孝顺的我们，其实对她是一种很残忍的折磨，哎！故事没看完，心真的一阵一阵的痛
7,2022.01.25,顺顺顺,0,老王一路走好
7,2022.01.22,回忆,0,唉，我婆婆那天也被医生插管走了
7,2022.01.20,郑,0,感动
7,2022.01.19,aaaaa,0,有钱去帮有需要的人可以吗
7,2022.01.17,谢谢你的爱……,0,王叔叔你的视频非常好，每天看你视频都是开心， 得知你这个消息心里很难受！王叔一路走好
7,2022.01.12,メOnly◇廻鳦,0,终于走了不应该是最终吗？
7,2022.01.09,静静♡,0,如果是我 我也会继续坚持治疗
7,2022.01.19,啥子都不晓得,0,有钱就继续
7,2022.01.01,心心念念~,0,假如有一天我想让自己走的那句都说不出来咋办
7,2021.12.30,Kevin,1,老王 村花在等你
7,2022.01.01,意式家厨,1,不像啊
7,2021.12.29,傻13很多，变态能火,0,好走～王爷爷
7,2021.12.29,天天蜜米,6,这个就是跟六爷，村花，拍段子那个老王，刚刚看了好多评论就是这个王爷爷，
7,2022.02.07,坦然释怀,1,这个老王不是跟六爷村花在一起的那个老王
7,2021.12.29,姐的霸气你不懂（拒私）,3,不是好吗，这个老王90多岁了
7,2021.12.29,文er～,0,不是
7,2021.12.29,张先生,1,当初我爷爷就是要插管，我一个孙子看着我爷爷真的觉得他好难过，最后还是走了
7,2021.12.28,jysm6688,0,我外婆走之前也是这样，满身插满管子。想想好想哭
7,2021.12.27,参陆伍,0,
7,2021.12.27,随风公子,5,这是六爷那个老王吗
7,2022.03.10,樱花,0,不是
7,2021.12.29,小彪,2,不是
7,2021.12.28,七月,0,她说是80多岁，六爷哪个应该还没80多岁吧
7,2021.12.23,丁伟,0,56岁孙子都结婚了？
7,2021.12.29,蹉跎岁月,0,老人的孙子
7,2021.12.23,我不是不想我也想,4,这个是课余时间的老王吗
7,2022.01.20,曦颜,1,是他
7,2021.12.29,姐的霸气你不懂（拒私）,0,不是
7,2021.12.20,筱萌在界何,1,死不是一个人的事，不是一家人的事！
7,2021.12.14,BetterChloe,0,慢性支气管炎这么严重的吗？？？
7,2021.12.14,成曦,0,有一天我老了，请让我没有痛苦的走吧，总比让我痛苦的活下去，更有意义的多
7,2021.12.13,小明,0,有钱难，没钱更难，害怕
7,2021.12.13,荷花,0,我53岁，我跟我老公说了，但凡我有了急病，比方说脑梗死，心梗呀啥的，自己说了不算的时候就不要抢救了，让我痛快点，别让我遭罪，我怕疼
7,2021.12.13,,0,  
7,2021.12.12,花花花,0,@酱板鸭Maruki 感触好深
7,2021.12.12,小白兔,0,@细雨如歌：如果是这样，儿女们都不应该这么自私，让病人少受一点痛苦快点解脱吧！这才是真正的孝敬
7,2021.12.12,我还记得……,0,也要珍惜生命的最后一次真严！
7,2021.12.12,jun,1,为什么折磨他
7,2021.12.11,细雨如歌,0,如果是这样，儿女们都不应该这么自私，让病人少受一点痛苦快点解脱吧！这才是真正的孝敬
7,2021.12.08,大岚岚,1,我爸爸也气切了真的很痛苦后悔
7,2021.12.07,orange,0,看着让人感到心疼无奈，想到多年后的自己，眼泪情不自禁的流了下来，命运有时候真的没办法掌握在自己的手之上
7,2021.12.07,糖糖妈^O^Keroo炫点合伙人,0,我经历过爷爷奶奶的离去，但是我还是希望他们多留一下这个世界，一旦放手，他们就真的不在了，我也觉得自己自私，但是真的真的不舍得，真的不舍得
7,2021.12.07,小木（懒到考不上大学版）,1,ta只是跳出了时间，变成宇宙里最原始的组成部分，分子原子，慢慢的重新构建成你身边的其他事物。以后为你遮风挡雨的大树是她，为你抵挡寒冷的毛衣是她，亲人的身份消失了，其实她无处不在 。她离开了却散落四周
7,2021.12.13,人在江湖果忠,1,因缘而来，因缘而去
7,2021.12.07,cuckooyoyo,0,道理都懂，可作为亲人怎么舍得放弃啊
7,2021.12.07,大华杨胖,0,选择恐惧症
7,2021.12.06,坨坨君_,0,奶奶在10.19号离开了我们。送到了医院，本打算不做胃管，但医生说不插胃管没法吃东西。两天后奶奶走了，我看着她鼻子里的管子，眼泪不住流了下来，我跟我妈说，早知道这么早就走了，不应该让她再受这份罪了..
7,2021.12.06,阔阔兔,0,哎，怎么说呢，医生，家属，患者，都受了折磨………可是真的要拔管，又谈何容易……
7,2021.12.05,白桦6018,2,这样的片子在电视台很难看到，很真实，触碰人心。
7,2021.12.05,李木木夕,0,很能理解哎
7,2021.12.05,天岚,0,我们这里管去世的老人叫喜丧，意思就很明显。
7,2021.12.03,大V,0,讲得特别好
7,2021.12.03,7877改名字了,0,生如夏花之绚烂，死如秋叶之静美。热爱生命，尊重生命。
7,2021.12.02,Tao濤,0,太受罪了
7,2021.12.02,小雨、,0,我妈因车祸头伤的很重，我们全家奋力挽留，留下了我妈生命，气管插管胃管，尿管带了快三年，植物人。不会说话，不会走路，我们就这样默默地照顾她，有时候想想假如她会说话，会表达，她肯定不愿意这样不体面的活着。
7,2021.12.02,流年,1,人到这一步时，最为难做选择的就是家人！真的是矛盾！心都碎了
7,2021.12.01,狼图腾,0,我父亲走的时候，我们兄妹三人都不准备抢救了，父亲肺癌晚期，没有告诉过老父亲，老父亲坚持了三年半，最后全身转移了，我们觉得让父亲有尊严的走，
7,2021.12.01,zyl,0,唉
7,2021.12.01,公主,0,残忍的孝顺
7,2021.11.30,行者,0,我当年放弃给老爸插管，时常内疚，没有床前尽孝，没有尽力
7,2021.11.29,唐焕烨,0,很现实，我爷爷走的时候没给他插管，让他走了。
7,2021.11.29,遇见美好  节庆生活推荐家,0,勉强延续的身后太多的故事
7,2021.11.29,谁是谁的谁？,0,多么残忍的"孝顺"
7,2021.11.29,Catherine chang,0,殘忍的孝
7,2021.11.29,莫棉,0,某一天乳腺癌的我也会离开，我也选择静静的离去不要挽留
7,2021.11.29,一一二,0,是让病人痛苦，还是让自己痛苦，如果是我我选择自己去承受也不想家人在最后还承受那样的折麽
7,2021.11.28,容颜易老……,0,看到这个视频心中释怀了当初为爸爸做的决定是正确的。没让他受这种痛
7,2021.11.26,玉润梅香,1,我妈妈曾经在健康状态下留下过话 万一她出现重症不清醒时 不允许我们送医院抢救 我们一家人才能听从医生的话 做出放弃有创抢救的决定 让妈妈按照她的意愿离开了人世
7,2021.11.22,娜。。娜爱吃辣,0,我爸也是这病，67岁，老王经历的，我爸经历过两次，今年住院半年才出院，目前状态还好，气管切开，留了金属管，不能说话了，每天在家吸氧，看电视，但我明白，不知道哪一次，就回不来了，我不舍！在的时候多陪他！
7,2021.11.30,大妞妈妈,0,我妈妈也是67岁，是严重脑梗，不会说话，不会动，看的心里难受
7,2021.12.01,娜。。娜爱吃辣,0,抱抱
7,2021.11.28,@禅～,0,我刚刚经历了，这种每天都提心吊胆害怕的日子。这是又一种精神折磨
7,2021.11.11,可乐兮,0,
7,2021.11.10,蚝油捞面乐悠悠,0,父母在，家就在！我爸也在医院
7,2021.11.06,王小明同学,0,子女不是舍不得挽留，而是孙子马上要结婚，不想丧事影响婚事
7,2021.11.05,小玲玲,0,我爸爸肺癌晚期，第一次化疗的第三天爸爸突然恶化，医生让我们决定要不要插管，我问人是清醒的吗，医生说是清醒的，我们真的舍不得让爸爸清醒的插管躺在陌生的地方，医生说不要进去了，没有必要了，安静走吧
7,2021.11.28,@禅～,0,这种痛苦真的生不如死
7,2021.11.01,林儿响叮当,1,如果真的留不住，就要学会放手！
7,2021.10.31,Xiahzart,3,爷爷因为肺病最后离开，我一直因为最后妥协了没有送爷爷去医院内疚了这么多年，今天看完了视频释怀了，纵使当时有太多的舍不得但是最后让他体面的离开是最好的安排吧
7,2021.11.28,@禅～,0,是的，我也这么想
7,2021.11.22,峰,1,我爸13号也是重症监护室昏迷送回了家，第二天早上的二点四十八分永远离开了我
7,2021.11.28,@禅～,0,13号是我爸爸生日，可我爸爸4号就离开了，他没有等到他的生日
7,2021.11.28,峰,0,节哀，我爸30号生日也没等到他的生日
7,2021.10.24,荼靡,0,@仙女味ii 在ICU见过无数个这样的病人
7,2021.10.25,仙女味ii,0,
7,2021.10.23,牛小牛的妈妈爱种草～,0,
7,2021.10.22,不要哭 不要哭,1,说出“但我老了，可千万不要这样”的时候，儿子也承认了这是痛苦的折磨！却依然执拗的折磨着自己的爸爸！
7,2021.10.21,辰星房产中介,0,我爸爸也是这种病，希望以后不会这么痛苦
7,2021.10.21,捡破烂的哥斯拉,1,看了心很痛……无论是坚持还是放弃，都是一辈子无法逃避的痛，失去至亲也等于失去自己的半条命，今后是无穷无尽的思念……
7,2021.11.28,@禅～,0,是的
7,2021.10.21,面筋是只猫,1,我的姥姥走的时候，我妈说了一句，妈没了，这个家就真的没了
7,2021.10.21,粒♛籽,1,自己都不愿意忍受的痛苦，却让自己的至亲痛苦走向死亡
7,2021.10.21,Kitty,1,经历过，真的好难，好心痛
7,2021.10.21,快乐小蜜蜂,0,看着真让人揪心作为学过社工的，根本没有勇气去接触医疗社工方面，太伤感了
7,2021.10.21,晨晨,2,老人到了这个时候，就让他走，不要增加他的痛苦，我的父亲在生命的尽头，我直接说，我不怕别人怎么说，我只想让他解脱，我希望我将来不要受这种苦，给自己，也给家人一个解脱
7,2021.10.21,一颗鲜美多汁的,0,都经历过
7,2021.10.20,,0,@会开花＊ @M 全部看完了
7,2021.10.20, 糖宝,0,@嗯我姓乔 @世态炎凉 太可怕了
7,2021.10.20,猫精,0,如果未来我面临如此情况，我希望我的子女子孙，让我有的舒服一些..
7,2021.10.20,杜欣,0,唉
7,2021.10.20,毛哥,0,这是个什么纪录片
7,2021.10.20,大白,1,刚刚经历了，我们没有选择给爷爷插管，最后不想让他再遭罪了。爷爷，我爱您！
7,2021.10.20,ګۊももこ',0,妈妈走之前签了放弃抢救，没有阻拦她。
7,2021.10.20,超超级空白格,0,我看过《最后最后的告别》文章提出了一个概念，叫做“善终护理”。他不是无所作为，而是在最后的期限前，以医生的专业判断，为病人的意愿做出最合适的优先顺序。家长型医生存在有必然性
7,2021.10.20,超超级空白格,0,每一个人，是如此不同的个体，我们更应该学会倾听
7,2021.10.20,至秦至秦,0,@咕叽 我看哭了
7,2021.10.20,平凡,1,好想我的奶奶，临终前半个月没有说过一句话
7,2021.10.20,xiao 周,0,家人很舍不得离去，可对于病人自己来说那是痛苦不已的挣扎
7,2021.10.20,娜可不一样,1,这算愚孝吗
7,2021.10.20,有窝的牛（横竖口）,1,很高级的视频
7,2021.10.20,西红柿童品~美妆,0,爷爷在我婚礼前20天去世的
7,2021.10.20,fatb,0,真的受罪 哎
7,2021.10.20,7107107,1,我总觉得家人是真的舍不得老人离去，可以说是孩子自私，但是是真的舍不得自己的父母离开
7,2021.10.20,月下光,0,唉:-(
7,2021.10.20,○乎 吸 、,0,俗话讲，好死不如赖活着。我们作为子女的有几个放弃那份亲情去告诉大夫停止治疗。他有一口气这个世界上还有爸爸，没有这一口气就什么都没有了
7,2021.10.20,⑧⒐不离㈩,6,两年前 我也面临过这样艰难的抉择 病人是我的哥哥 如果选择气切 他还能再活十年 可是我没有 我不想让他没有尊严的活着 我依然记得我是怎么跪在爸妈面前求他们别让我哥遭罪了
7,2021.10.20,小龙女,0,
7,2021.10.20,.,1,如果是能活十年，我会选择救 这可是十年啊
7,2021.10.20,⑧⒐不离㈩,2,我哥哥是渐冻人 他说过如果连呼吸都靠机械维持 生命就没什么意义了 所以我选择尊重他 有的东西只有自己切身体会过才会明白
7,2021.10.16,yaoyao,0,选择有尊严的离去，是我最后的倔强
7,2021.10.16,青鹤,1,看着听着……心都抽在一起，如果是我不要选择这样的活着，因为痛和无奈
7,2021.10.16,繁花,0,他的儿子们，够狠
7,2021.10.16,文,2,不放弃病人痛苦，放弃家人愧疚后悔，两难的选择
7,2021.10.15,小黑哥,0,我妈妈 就是这种状态 我让她走了 但现在想想还是很难受 不知道这么做 对还是不对
7,2021.10.15,我们在一起,0,文案很棒
7,2021.10.15,winniecat,1,我爸走的急，虽然不痛苦，但活着的人却很痛苦，我无数次想，要是爸爸活着，哪怕苟且，我也愿意！我会付出一切代价让他活着！
7,2021.10.15,HEp—2,0,活着的时候就把尊严踩在了脚底下努力的撑着一家人的生活，等到要死了却连死的尊严都没有，这就是求死不得，求生更办不到！
7,2021.10.15,杨哈哈,2,选择太残忍，怎么选好像都不对
7,2021.10.15,静霄,0,我老妈跟我说，如果有一天动不了了，不要让她受罪，该有就走了。
7,2021.10.14,淡然一笑,2,不能接受，那怕别人说我不孝，也不能让老人遭这样的罪
7,2021.10.13,蓉蓉蓉蓉不吃香菜,2,我宁愿我爷爷能这样活着 起码比我见不到他好 我爷爷走的太快太快 我的想念太久了
7,2021.10.12,zoey小鱼儿,0,看您的视频眼泪没止住一直流
7,2021.10.12,芳664992,3,让老人没有痛苦有尊严的离去也是孝顺
7,2021.10.12,遇见•田,1,很多时候抉择太难了，维持老人痛苦，不维持就是永别
7,2021.10.11,橘橘,1,我奶奶在医院住了2年多，今年走了，看着她都好痛苦，但一句话说的对，很多事情不是一家人说了算
7,2021.10.14,用户6399757027169,0,每个人每个家的决定都会有人支持也会有人反对，这种，两方面想都有道理吧，怎么做都会被骂，也都躲不过良心。太难了
7,2021.10.11,慰茹凉,2,我的爸爸跟这位爷爷一样的病，我们没有那么自私的挽留爷爷。虽然那种失去亲人的痛是刻骨的，可是，我还是庆幸没有让我亲爱的爸爸没有遭这样的罪，您长眠，我长念，我爱您爸爸
7,2021.10.11,尹惠子,2,如果我活着清醒的时候，自己签好放弃过度治疗和抢救的同意书，能行不？
7,2021.10.11,Carrie睿,0,
7,2021.10.11,草酸艾斯-,0,看个片头就忍不住哭
7,2021.10.11,Rea,0,但是我做不到看着老人走了什么都不做
7,2021.10.22,颖颖的~~ ,0,无创伤性的抢救我能做，我不一样看到家人生命到最后一刻再做创伤性的抢救，太痛苦了！
7,2021.10.09,成都京城御方堂,4,这个时候 尊重一下老人的意见吧，真的是难以忍受的痛苦啊
7,2021.10.08,安康,0,这个视频看哭了我，真的为这个老人痛苦，赞成医生的观点
7,2021.10.08,荆棘木头,1,感谢这个视频带给更多的人觉醒！人总要面对生老病死！谁也逃不过！可是我们在尊重生命的同时也请尊重它的痛苦
7,2021.10.08,慢时光,0,没有生活质量，消耗孩子，让我平静没痛苦的走
7,2021.10.07,凡人茶事 仙女下凡的凡 文汇路最美茶艺师,1,我奶奶也是，年轻时结扎留下的后遗症，现在七十多了，一年住院好几次，几年前医生建议切管，后来没切，家庭呼吸机，每天吸氧7-8小时，现在生活都能自理
7,2021.10.07,星空暖阳,2,我不能接受没有尊严的活着，太难过了
7,2021.10.06,萝卜坨坨,1,想起了我奶奶，当年也是在没有回转余地的情况下，我劝老爸和叔叔他们不要做没有意义的抢救，那种抢救只会让奶奶的全身插着各种管子。从当初劝说直到此时此刻，我都不知道是自己冷血还是冷静
7,2021.10.06,可乐炸鸡,0,真的不知道是孝顺还是不孝
7,2021.10.05,小11,0,好心酸
7,2021.10.05,浅奏離歌,3,让老人有“尊严”的离开是最好的孝心！
7,2021.10.05,我叫元元姐,1,如果我有那么一天，希望我能体面的离开
7,2021.10.05,清欢,1,生与死都是如此的身不由己
7,2021.10.04,用户3041881789423,1,没有质量的活着，对病者是一种折磨，对生者也是一种折磨，愿大家都能理解作者的苦心！
7,2021.10.04,橙子,1,爸爸的抢救也是那么痛苦，在ICU15天就走了，如果最后不折腾可能他会少受罪
7,2021.10.11,ॐ 我说,0,我爸爸也是十几天走了，受尽了折磨。每天只给我们十五分钟探视的时间，爸爸都是在沉睡，因为太痛苦了，有一次我都看到他鼻子那全是血
7,2021.10.04,十一月,1,看得热泪盈眶！生命的最后如果这样没有尊严，没有质量的活着，该是多么痛苦的事情，“让我走”大概是每一个这样病人的心声吧！
7,2021.10.04,user4843248516128,0,这样活着痛苦他的儿女何常不知道，可是有些事情那有狠的下心放弃呢，不是在乎外人怎么说，他是他们的父亲怎么舍得放开呢，我很理解他们的心情
7,2021.10.04,孤城画角,1,太感同身受了，我爸爸就是这样，我知道切开气管只是让他活着，维持不了太久，但是我真的没有办法，在他还有呼吸的时候，拔掉氧气管～
7,2021.10.16,章鱼哥和他朋友,0,我也是这么想的，没钱了拔管是没办法，有钱能治为什么不治？而且又不是脑死亡了
7,2021.10.03,雪域晨曦,2,真的很难很难，想想人真的没意思。
7,2021.10.03,静&心,0,视频太好了
7,2021.10.01,晴天~,0,在icu实习过，很压抑，也有一个爷爷六十多岁家里有条件家人什么医疗都给上，但很痛苦，在icu一天天脸色更差
7,2021.10.01,晴天~,0,临终关怀
7,2021.09.29,愤怒的兔子,0,平台就应该多点这种好视频，满满的正能量
7,2021.09.29,咖啡是美式,2,试想一下，如果我的爸爸或者妈妈，我也舍不得他们走，不插管，我就没有爸爸妈妈了，我害怕，恐惧，我也知道这是不对的，但我舍不得，自私的决定很容易但另一个决定却是那么的艰难
7,2021.10.03,妹妹是只猫,0,我也是这样想的 太艰难了 不想失去家人 就是插管 也想家人陪在身边 可是太自私了
7,2021.09.29,WHWH,0,背景音乐是什么名字很好听
7,2021.11.23,木瓜,0,《守望尘世》departure
7,2021.09.28,时光荏苒,1,这个真的看不下去，每一个故事都会哭，颤抖的哭，是不是看的了这个，就能敢面对生死
7,2021.09.28,用户770227,0,这样的儿女为了自己的面子，让老父亲受这样的罪，太自私啦！
7,2021.09.28,汤 小 包,0,鼻子酸
7,2021.09.28,唯有美食,1,生命只是时间的过客，哭闹着来，应笑着走。顺应天道好轮回，死亡是生的新开始
7,2021.09.28,游姐姐,2,作为儿女确实很难选择让父母走，看完这个视频，如果我自己这样，我希望爱我的人能让我走
7,2021.09.27,常回家看看,0,我老爸也是但作为儿子，我不能放弃，无奈啊！
7,2021.09.26,子意于心,0,一样的感受，但是就想让她多陪我们，可能太自私了，她受了好大罪，走了也解脱了
7,2021.09.25,Coffee,0,我妈妈刚刚走，庆幸没让我妈受这样的折磨。妈，想你
7,2021.09.24,幸福从来不会缺席,0,生命好脆弱
7,2021.09.23,无,1,无论是选择放弃还是治疗，对于子女来说都是艰难的选择，而背负的更多，可是目的不就是为了多让父亲陪陪我们
7,2021.09.23,无,1,放弃是很难的一个决定，做儿女的怎么会选择放弃呢？那个决定太艰难了，作为子女，谁不想父母可以安享晚年呢？可是，不管怎么样，只要心脏还在跳动，就有爸爸，因为一旦分别要很久很久很久，能多看一眼就多看一眼
7,2021.09.23,尧尧,0,我妈和我不止一次的说过，如果她有这样的一天，让我不要救她，她说她不想痛苦。让我将来能尊重她的意见！
7,2021.09.23,丁绍祥小宝贝,0,都好好的
7,2021.09.22,风筝,0,我将来老了，还在清醒的时候我一定要留下话如果生命已经无法挽救不要挽救不要插管
7,2021.09.25,女人如烟,0,我爸爸去年也这样，一样一样的接受这些治疗，每天都会含糊其辞的说，用颤抖的手这下，我想回家，你们把我送回家，可是，在我们近乎无知的固执下，治疗了三个月后，在我爸爸奄奄一息的情况下，上午回家下午就走了！
7,2021.09.22,琳琳波光,2,老慢支真的很痛苦。我爷爷奶奶都是这个病走的
7,2021.09.21,(๑• . •๑),0,@Scar. 看哭了
7,2021.09.21,Scar.,0,
7,2021.09.21,双姐,0,我们前几个月也是刚刚这样的事情，作为家属真的很难决定…当医生问下一次要不要再抢救时，你真不知道怎么回答好，90多岁的奶奶没有作第二次抢救就走了…
7,2021.09.21,君言小姐姐,0,我想我爷爷了
7,2021.09.21,悠然入梦,0,好视频
7,2021.09.21,ᥫᩣ小柳,3,这么活着太痛苦了，哎
7,2021.09.20,小辛,2,太残忍了
7,2021.09.20,A遗忘,0,我在想我舅舅也是慢阻肺，以后会不会也是这样，多难受
7,2021.09.20,橙子和玉米,2,我的爷爷也生病了，不知道还要熬到什么时候
7,2021.09.19,我很高贵,2,感谢你能用这种方式合理公平叙述现在生活的无奈和痛苦。感谢
7,2021.09.19,疯爷的涅槃,0,尊严的走，苟且的活，如何选择
7,2021.09.19,赖毛,2,视频拍的真的特别好
7,2021.09.19,告诉自己一个坚强的理由,1,人的生命，到最后自己不能选择，作为儿女，尽力的挽留父亲的生命，作为父亲，这样活着很痛苦，哎，，，
7,2021.09.23,大叔,0,
7,2021.09.19,♬娴,1,我老妈92岁走的，我很庆幸没让她插管，挽留是我们子女的自私。您长安，我长念
7,2021.09.19,西瓜,3,我父亲2018年肺癌，2021.7.31无痛苦走了，爸爸是清醒的走的，最后的时间都在家里，我跟妈妈每日都在家陪着他，最后走的很快，没有什么痛苦，现在已经走了50多天了，每日我都在想他
7,2021.09.19,天地玄黄,0,唉！
7,2021.09.19,yuqian2020,2,大家都说他好福气，可是谁又知道他最后一段时间有多痛苦。没有亲身经历是体会不到的
7,2021.09.19,Melissa-_,1,所以我没有办婚礼，领了证没多久我奶奶就走了，当然是我们家属签了放弃治疗。因为她很痛苦很痛苦。后面她解脱了。
7,2021.09.19,人间清醒,0,什么病
7,2021.09.19,烟花,1,ICU的日子很难过，不知道白天还是黑夜，只能静静的躺在床上，听着机器的声音（滴滴滴…）；喉管插管后的生活像一个机器人一样，换了普通病房，每天都需要挂针来补充营养，每次换金属气管的时候像用刀割肉一样痛
7,2021.09.19,烟花,0,把旧的拔出来还要把新的换上去，那种痛无法形容，换完后都会有血液从金属器官里流出来，看着别人吃饭自己却只能靠着营养液来维持生命，过着生不如死的日子，每次换留置针的时候身上都要多一个伤口
7,2021.09.19,LINNNNQ.,0,
7,2021.09.19,LW LW LW,0,无奈啊，自己不能决定自己的生死
7,2021.09.19,风清云淡,2,我爸爸就是全身插满管子，在ICU离开我了，我虽然一直没有放弃治疗，但是他还是不愿意在人间受罪离开我，也许我真的不能明白他的受痛苦，愿爸爸在天堂一切安好，爸爸我想您了
7,2021.09.19,露春,0,@阿仔：我的母亲就是这个过程，我很认真的看视频，让我回忆起我的抉择，我的母亲就是这样给我抉择痛苦走的，妈妈，我对不起你，到现在看所有这些ICU的视频，我的痛苦流泪。救与不救至今同样无法抉择，都无法放过
7,2021.09.19,烽 火,0,痛，病人的痛，家人的痛，内心的挣扎，希望逝者安息
7,2021.09.19,掠影,0,现在想想，父亲最后呼吸衰竭在梦中走了是多么有尊严。或许我的心里可以稍稍饶恕自己一些，嗨，两年了，我还在时时自责自己做的是否是对……
7,2021.09.19,宇宙大怪兽l,0,2020.6.1号，我爸爸因为慢阻肺，二氧化碳过高，进了icu，也是气管插管，人是清醒的，不知道他当时有多么得难受，好在几天二氧化碳排得差不多，转到了普通病房，现在恢复得还不错，
7,2021.09.19,宇宙大怪兽l,0,想起他当时插管得样子，心理难受
7,2021.09.19,whlhsy,0,我爸爸在ICU63天了，可能还有几天就得转去普通病房，可能也还有十几天，我知道他难受痛苦，但是没办法，刚五十多，不管怎样都要他活着，甚是要他好起来一起回家
7,2021.09.19,whlhsy,1,如果我爸七十岁我不会这么强求，我会怎样给他舒服怎样治疗，但是我把刚五十多而已，没退休没得享福一天，所以不管怎样我都不会放弃
7,2021.09.19,麗飛,0,看的好感动
7,2021.09.19,康乃馨,2,清醒的时候一定要给子女交待，如果生命不开逆转，一定不要做无畏的抢救
7,2021.09.19,安,0,@青春，青色的春天 我看完了
7,2021.09.19,用户1528982423082,2,可能是学医的，喜欢看这样的视频，是一位很负责的一生
7,2021.09.19,你的夏夏吖,2,为什么呀，为什么那么自私 这种折磨我隔着屏幕都觉得窒息 这真的对老人很残忍很残忍
7,2021.09.19,媿话。,1,这就是孝吗？
7,2021.09.19,静月华沙,0,我觉得医生说的对
7,2021.09.18,用户5595096247119,0,也太感人了吧……我姥爷也是身体越来越不好了，半年前还知道我是谁，前几天开学前去看他 吃不了东西说不了话了
7,2021.09.18,悲伤玉米狗肉汤,1,老头有退休金
7,2021.09.18,紫色秋葵,2,都明白，但一般过不了心里那关。
7,2021.09.18,雨畅,1,我一定会留医嘱不许插管
7,2021.09.18,白开水,1,其实放下 也是一个开始
7,2021.09.18,大宇,2,上月我们送走了父亲。父亲是脑干出血，最后是昏迷，多脏器衰竭，是我在放弃进ICU,插管，胸部按压的同意书上签的字。最后父亲平静的离开我们，想他老人家。
7,2021.09.18,虹依旧,0,我爸也是肺部感染，没插管，和妹妹两人在普通病房陪他一个月，安静离去
7,2021.09.18,柳絮的思念,1,作为子女，有谁希望看到自己的父母离去，哪怕就是一丝丝的一样，也希望有一天能有奇迹出现，哪怕就这样静静地看着。
7,2021.09.18,娜娜姐姐,0,我要让我爸爸妈妈好好活着
7,2021.09.18,文登谷米科技手机维修,0,应该询问一下爸，儿女无法决定
7,2021.09.18,刘小饱,0,我的爷爷奶奶，都是最后死于心肺功能衰竭，肺功能基本没什么用，这种死亡太痛苦了，现在想想，也许走了，才是真正的解脱
7,2021.09.18,果冻是只加菲猫,1,我妈妈最后的时光，ICU医生问我需不需要插管时候，我爸想也没想就说插管，天知道当时顶着多大压力不同意插管我不想妈妈最后的日子是这么活着好在姨和舅舅都支持我，但一句话说出来真的需要勇气
7,2021.09.18,轻舞飞扬,3,很真实的一个视频，但不是每一个医院每一个医生都这么有人性，我经历过外公，外婆入住ICU晕迷抢救插管，医生不会告诉你不能救，我外婆插管两个月，我都不太敢去看，她五个女儿就是在治与不治中争吵
7,2021.09.18,Ty21.,1,这是儿女的私心真的不舍得啊
7,2021.09.18,但行好事，莫问前程！,0,我爸已经提前给我说如果有一天他呼吸困难，不要给他插管，他要有尊严的死去
7,2021.09.18,平安喜乐,3,只想有尊严的活着，不求生命的长度，只求生命的质量
7,2021.09.18,用户7810641944069,0,我爸，也慢阻肺，家里呼吸机，制氧机都有
7,2021.09.18,pspaii,0,应该肺移植
7,2021.09.18,Patrick,0,独生子女在外地的怎么办
7,2021.09.18,520竹韵,2,我也曾有过这样的经历，那是我的父亲。说实话看到家人有一丝希望在人间，真的想留着，可是到生命危险的边缘时，看到爸爸的难受和日渐消瘦，我觉得自己的决定是错的，因为他痛苦，因为他没有尊严，后来爸爸走了
7,2021.09.18,爆米花,0,拨管
7,2021.09.18,小徐同学,0,是医生与患者的真实心意表达
7,2021.09.18,浅浅,0,感触颇深的视频，没有痛苦有尊严的离开，也未尝不是最好的孝道
7,2021.09.18,笑靥花开,0,太过分
7,2021.09.18,非易,1,有种爱叫放手
7,2021.09.18,岁月静好,0,我家一个人亲戚，肝癌，快90的年纪吧，不吃不喝挺了了一年半才走的，我就不明白他活着的意义，儿子从外地回来一住就是一年半，都瘦的不成样子。
7,2021.09.18,王不留行,2,放弃后也会是一辈子的遗憾 确实是两难境地，但是最后我们还是选择了遗憾，让爷爷安详的走了
7,2021.09.18,仙子,1,我，也后悔了，给父亲插管，可难受了
7,2021.09.18,景天雪,0,无意义的治疗，不如好好的离世。这也是孝顺。而不是以亲情的绑架痛苦而活。
7,2021.09.17,中教乘务（深圳）教育管理有限公司,1,很棒的视频，真的很棒
7,2021.09.17,欧欧,0,敬畏生命
7,2021.09.17,AAA.       喜欢你.,0,换到自己身上 都不愿连累家人。但有那个儿女能放弃自己父母的生命 若放弃 那就是后半辈子的恨自己
7,2021.09.17,胖仔,6,唯有被插过管的人才能经历这种痛，所以长辈到了这时候，绝不插管！
7,2021.09.17,小美姐姐,0,
7,2021.09.17,MinMinMin12,0,一腔孤勇感情用事的情况下气管插管以后，面临的是更难的选择，更难做出拔管放弃治疗的决定，却要病人承受无尽的痛苦
7,2021.09.17,妙啊,10,致敬每一个用心的视频一点小建议，背景音乐稍微低点，有时压过旁白…
7,2021.09.17,A-one小丫互相关注啊,216,我觉得他的儿子不是孝顺，是自私！这点道理他不懂吗？就是爱面子 这个爷爷太痛苦了
7,2021.09.18,习蒲张,19,当你真实的面对这样的事情，如果那个是你最亲爱的人，你就能理解所有的做法。有时候难过是真的心疼，疼到无法呼吸。换位思考吧
7,2021.09.29,二零一五_八一七,7,你们痛苦，那病人呢？
7,2021.10.05,念如故、,4,我经历过一样的事，真的要亲身经历才会懂，别站在道德制高点抨击别人。
7,2021.09.17,Z,1,说的真好
7,2021.09.17,～静 香～,2,节目做得很好，持续关注
7,2021.09.17,️,0,@美美鱼 太痛苦了
8,2021.12.09,叶建鸯,0,
8,2021.12.09,季节风暴,0,
8,2021.12.09,凉透薄荷裳。,0,
8,2022.04.05,大傻小子,0,说的真好
8,2021.12.09,石仓文献馆,0,
8,2022.04.01,用户1228442790367,0,
8,2021.12.09,邱永华快乐健康开心每天,0,
8,2022.03.12,奔霆汽车配件,0,朝闻道 夕死足矣
9,2022.01.04,馨,289,胰腺癌11年，真是奇迹
9,2022.01.07,塑菱,14,对的，不管是什么癌，11年都已经是奇迹，是顽强的生命力了！
9,2022.01.10,安小宇,11,我妈妈查出来只活了2个月
9,2022.01.13,A汽车真皮座椅加热改装,4,唉，，，，，人生真的很难，节哀
9,2022.01.03,小雪6325324496170,163,我绝不会把老人送出去
9,2022.01.23,AXA-Jisen,18,临终关怀医院，比你想象中好的好，不要无知的评论
9,2022.02.19,城里的月光,15,这里都是癌症病人，癌症最后都是痛死常人无法体会，临终关怀是减轻病痛安然去世。
9,2022.01.18,林深见鹿,12,没什么是绝对的，旁观者清，谁摊上谁也迷糊
9,2022.01.08,彭大拿,65,无论什么借口 都是不孝 不接受任何反驳
9,2022.01.23,果果,61,没有感同身受的经历，任何人都没资格评价别人的人生。
9,2022.01.24,对生活大声说不,21,经历过的人都不会去评论他人，因为他没经历过有心没力的感觉，天天看着亲人全身插管，时时刻刻 看着心跳机怕出问题，护士天天拿着消费单，叫你去交钱无助的感觉。
9,2022.02.19,莲子,1,我们地方的医院都是出院的时候一起结清，特别困难还可以申请分期还款
9,2022.01.04,袁阿姨,202,看看这女儿也是有白发了，也很难，那些说女儿的，别这样说人走了还高兴，其实看着老人生病受罪，走了也是一种解脱
9,2022.01.23,无尘,10,照顾过病人五年之久的本人懂她的感受，解脱未必不好，对病人是解脱，对熬着的家属也是解脱。特别是病人每天都忍受内心的尊严崩塌和身体无休止的疼痛折磨。
9,2022.01.11,邹小春,3,都是经历过得
9,2022.01.09,妞,57,这样的临终病房真的很好，致力于减轻病人痛苦，有尊严的离开……
9,2022.02.18,叮当妈咪,0,对 社会很需要这样一个临终关爱病房 在缓解病人痛苦同时 环境相对救治医院温馨
9,2022.02.20,忠孝仁悌,0,关键是省下你的钱
9,2022.02.20,叮当妈咪,0,不是钱的问题 有些病重患者根本没办法在家里离去 在家里待着就是无限的病痛折磨 当然 最后弥留之际或者昏迷之际 要是觉得想在家里离开 可以从医院接回家
9,2022.01.08,叫我乖乖,82,这样的医院很人性化，如果没有希望，不如有尊严的离开
9,2022.01.03,不服就削你,83,我还没有经历过家人离世，单想想就难过的不得了
9,2022.01.25,玖月书单,5,痛不欲生 真是像抖音说的 亲人刚去世时感觉不到那么痛 时间越久心痛的越厉害 我爸去世快一年了 心越来越疼 随时想随时哭
9,2022.01.28,一遇容止误终生,1,我也是，我妈妈去世了三年，我现在还是一想到就泪流满面
9,2022.02.01,小爱,1,同感
9,2022.01.05,营口 米砖真空袋 大米箱厂家,65,老太太很有知识文化素质
9,2022.01.07,TO YOU FOR YOU,4,她年轻的时候好像是个护士，放射科还是影像科来着的，具体哪个科室忘了
9,2022.01.04,袁阿姨,40,将来更难，都是小两口要养4个老或者6至8个老人，想想都害怕
9,2022.01.09,小姚贰,4,所以不要成为娃儿的负担，自己把自己养老规划好
9,2022.01.26,猫咪与闲鱼,0,你觉得这两位老人缺钱吗？这是钱能解决的问题么
9,2022.01.07,愤怒的石头,2,为啥会6到8个
9,2022.01.07,龙哥羊妹,29,对，有尊严的走完人生最后一步，走的体面一些舒服一些
9,2022.01.07,dy7k9i3kamg1,24,评论区真的有孝顺的年轻人呐，人老了行动不便真的无奈，还担心给子女带来负担，又常年伴随孤独感，唉，难以想象自己老去那么一天会不会给别人嫌弃，最后呆在养老院到终点的结局
9,2022.01.10,娟,11,有这样的医院真好 感激医院所有的医护人员 你们辛苦了
9,2022.01.05,Cinderella,14,到终点了下车了
9,2022.01.12,大象,0,@Dohawd
9,2022.01.18,健康平安！幸福的一家人,9,听了老太太说把女儿害苦了，一个女儿的我心里说不出的滋味一个女儿，有可能不能在生了，唉
9,2022.01.05,吃飽啦o,12,年纪大了 看不得这种
9,2022.02.22,又见故乡红,2,想起了《人世间》最近的评论他在你的出生证明上签字，你在他的死亡证明上签字。他把你从医院抱回来，庆祝你的新生，你把他从医院送去殡仪馆，祭奠他的离别。他修了一栋宽敞的房子给你住，你买了一块小小的墓地给他躺
9,2022.02.25,花海寻卿.,0,@捌仟
9,2022.03.19,小糖糖,1,没有不孝，女儿也要工作，不工作哪里来的钱给他们治病呢
9,2022.04.18,车来车美养护中心,0,这个医院设立的很好，很人性，这可能是90后00后的大帮手
9,2022.03.26,时光机的传说,0,医院叫啥名字
9,2022.03.25,流氓猪,0,父母哪怕在生命的最后一刻也是想着自己的孩子。我想说你们从来不是我们的负担，父母在，人生尚有来处，父母去，人生只剩归途
9,2022.03.22,荣耀最强,0,真是奇迹
9,2022.03.20,222,0,所以说年轻多生一个有保障
9,2022.03.19,浚.淞、,0,同感。
9,2022.03.15,糖果,0,当时我姥爷过世的时候，家人也是决定不抢救，不插管，让他有尊严的走吧…想起来就想哭
9,2022.02.26,欢乐假期大伟,0,突然想起我父亲离世的画面！至亲离别！
9,2022.02.26,青年有魏,0,看视频，总觉得这个女儿有点冷血
9,2022.02.23,风雨,0,
9,2022.02.22,马大脑袋,0,我妈就是胰腺癌走的 刚刚走
9,2022.02.22,生死有命富贵在天,0,我母亲肺癌快6年，后期3个月是在家卧床，最后一个月一直处于半昏迷状态，在自己生日当天走的。
9,2022.02.22,爱吃鱼的姐姐,0,至少让父母一起走完最后一程
9,2022.02.22,情话总说太多,0,@小马(☆_☆) 
9,2022.02.22,PBS,0,生不能决定，死亦不能决定
9,2022.02.22,西北路小王子Steven,0,姥爷肺癌6年…大年初八的凌晨…
9,2022.02.22,那年，你记得吗,1,尘归尘土归土，珍惜当下
9,2022.02.22,田妞ai果果,0,活好每一天
9,2022.02.22,李小小,0,跟我们一样
9,2022.02.22,吴丹,1,未经他人苦莫劝他人善
9,2022.02.22,',0,@Сайхан 哎 看着好心酸 这一切终会结束
9,2022.02.22,愈心,0,其实这也算是最好的结局，人生圆满
9,2022.02.22,'Kilo.,2,女儿应该请假或者辞职，生离死别时让老两口分开，这太夸张了
9,2022.02.26,下雨胜晴天★,2,说的轻松。不工作，哪来的钱？
9,2022.02.22,青青爱多多,3,不用挣钱不用吃饭不用开销吗
9,2022.02.22,S·,2,人活着的意义是什么？
9,2022.02.22,陈,0,哭了
9,2022.02.22,Manchit.,2,女儿才是最痛苦最辛苦的
9,2022.02.22,皓月,1,她有爱的陪伴，这️世也值了
9,2022.02.22,妙缘,0,往生之前做临终关怀，挺好的
9,2022.02.22,是果果呀,0,我快要去了，失眠了！
9,2022.02.22,情怀,1,愿天堂没有病痛
9,2022.02.22,我是f_f,1,干净体面的走完最后一步 这是我期待的
9,2022.02.22,樱桃mama,0,总感觉这个时候回家会更好
9,2022.02.22,为你   ，,0,人这一生... 心酸
9,2022.02.22,️遠xin️,0,我爸爸熬了不到一年就走了，
9,2022.02.22,小胡狸,1,我母亲就是在临终关怀走的，这个地方对癌症晚期的人来说是享福的地
9,2022.02.21,汉口的张先生在美国,0,我想开一家这样的医院，太有意义了
9,2022.02.20,婧姹,0,怎么办？看完，人心里极度难受
9,2022.02.20,╰唯噯不離╮,0,80后的我们老了也许也就这样吧
9,2022.02.20,阔阔兔,0,哎………………………………
9,2022.02.19,大鹏一日同风起,4,孝顺的都在评论区里，事没在自己头上
9,2022.02.19,花开花落花满天,3,未经他人苦，莫劝他人善，儿女压力很大的，要照顾父母，要照顾孩子，还要工作付得起医药费，哪有那么多人会同情你，所有的不孝都是生活所迫
9,2022.02.19,凤妹子,3,祝愿全世界所有的父母都能健健康康的
9,2022.02.19,西瓜霜烤肉,0,@嘴角上扬 一大早就看哭了
9,2022.02.19,喵了个咪,1,保佑父母都能健健康康的
9,2022.02.19,Ben Hur,0,这是哪个医院？
9,2022.02.19,往后余生，珍爱自己！,0,老太太太安息吧！
9,2022.02.19,Vivaz,0,女儿搞笑很开心的样子
9,2022.02.19,木子染,1,没有一个人经历她所经历的，应该也没人比她更难受，那毕竟是她的父母…因为父母在才真的有家，父母不在家也就没了
9,2022.02.19,喵喵,0,想到自己爸爸，等他年纪大了该怎么办，如果我过的不好，怎么让他过的好，我是绝对不想送他去养老院
9,2022.02.19,为青春导航,1,《人间世》的经典记录
9,2022.02.19,张达拉,0,谁也不能活着离开这个世界
9,2022.02.19,大湾区畅想,1,我外婆走了20多年了，当时我11岁，今年我32了。过年回家我妈毫不避讳说，如果当年有临终关怀医院，我妈一定送我外婆去。我妈自己也是医生。
9,2022.02.19,陌生缘,1,胰腺癌11年，我希望我爸爸也能活这么长久，我爸爸现在已经患胰腺癌两年多了。
9,2022.02.19,A__ZM,1,胰腺癌能活11年也是奇迹
9,2022.02.22,️遠xin️,0,眼泪情不自禁，心有体会。
9,2022.02.19,用户7557571911733,0,死亡是最终都会到来的，亲人也好，朋友也罢，你只能无奈的面对，以后的岁月悲伤是会藏在心底的，直到生命终止
9,2022.02.19,咕噜咕噜泡泡,0,
9,2022.02.19,爱我还是她,0,哎，好害怕变老
9,2022.02.19,缘分,0,至少生二个
9,2022.02.19,126,0,也许农村人没文化，生活贫苦，但绝不会出现这种情况。子女都亲力亲为
9,2022.02.19,你别忽悠我,0,希望现在的年轻未婚男女多看看这类节目
9,2022.02.19,崋,0,如果亲人生命在倒计时我会选择把工作暂时停下，好好的陪伴！公司老板会体谅的
9,2022.02.19,风一样的感觉,1,父母对孩子的爱是无私的，临走前还说对不起孩子，在这里我想说对不起的是我们这些做子女的，加油阿姨
9,2022.02.19,赤焰长城,1,在有生之年好好的珍惜身边的人自己的父母，不要让自己的人生留有遗憾，愿天下父母健康长寿！
9,2022.02.19,飞蛾扑火,0,不该说对不起的，我们永远都是亏欠父母的。
9,2022.02.19,静,0,估计女儿一定会被骂的
9,2022.02.19,du du,0,我的妈妈，我好想你，你离开我们的第45天
9,2022.02.19,毛毛琪琪不闹脾气,0,好多年前看的时候对这个奶奶印象最深刻，她的淡定从容和优雅让我对离别产生了不一样的感觉。今天突然发现这位奶奶的女儿就是我现在住的家的同单元邻居，感恩生命的奇遇，希望他们未来一切顺利！
9,2022.02.19,Kailyn江江,0,眼泪止不住了
9,2022.02.19,春雨,0,我不愿把父母送去养老院，但希望以后老了我和我老公能住进去
9,2022.02.19,ꦿ曲小肉 ໌້ᮨ,3,看不得这个，希望父母都能身体健康
9,2022.02.19,用户宁8800503613139,0,我妈妈就是癌症，在临终关爱病房两个月平静的离开了我们
9,2022.02.19,张茜,0,父母是孩子，孩子也是父母。他们紧紧相依，
9,2022.02.19,明天,0,我不去我只能去寺院
9,2022.02.19,Shine,0,好难过
9,2022.02.19,背影,0,祝愿全世界所有的父母都能健健康康平平安安
9,2022.02.19,力荣,0,这医院在哪里
9,2022.02.19,mike ses HK,0,天天开心，能动。癌症会很缓慢，但是如果不动很难活的长
9,2022.02.19,用户8207154501874,0,南无地藏王菩萨
9,2022.02.19,暖姑马艺瑄,0,
9,2022.02.19,城里的月光,0,只有母亲才会这样，为母则刚，爱老伴与子女，哪怕自己最后一刻。
9,2022.02.19,Tina,0,这是一种无言的绝望生活 眼睁睁看着亲人慢慢的离世 无能为力 我父亲走了一年多了我还无法接受这个事实
9,2022.02.18,为,1,人干嘛嘛要来到这世界上，不是这就是那
9,2022.02.18,林峰堪與,0,每次看到这种情况心很痛。
9,2022.02.18,用户3635738971079,0,第一句话听得真难受，没有人能从这里走出去。。。
9,2022.02.18,yxy,3,因为你是我妈妈，所以不用对不起，小的时候你没嫌我拖累你，你老了我怎么会嫌你拖累我呢，女儿只希望妈妈可以无病无灾，平安快乐。
9,2022.02.18,用户3010044061557,0,少年夫妻老来伴
9,2022.02.18,巴扎嘿,6,好坚强的女儿
9,2022.02.18,CC,1,听着奶奶说对不起 心好痛
9,2022.02.17,小筱--璐,1,她是我看的人间世中最让我心酸的，太现实，太机智
9,2022.02.17,@,1,在哪里
9,2022.02.16,上善若水,1,人生的意义是什么？
9,2022.02.13,多余,0,@变强 还有这种医院
9,2022.02.01,雪落江海,1,我现在唯一唯一能做的就是拼命努力赚钱，就怕有一天无助的哭。。。
9,2022.01.29,爱喝咖啡的Me,0,泪目
9,2022.01.28,人生一路,0,
9,2022.01.28,章鱼&小丸子,1,我想说这样已经很幸福了
9,2022.01.28,怪阿姨,0,这医院在哪里呢
9,2022.02.19,杨小五,0,无锡马山
9,2022.01.28,Miss陳,1,真的看不得这些，让我非常压抑
9,2022.01.28,你妈贵姓？,2,珍惜眼前的生活吧！好好过好每一天
9,2022.01.27,旧模样,0,生命到了终点的时候最痛苦的是还有着牵挂 但是你又能怎样咯 所以闭眼的那一刻就释怀吧！
9,2022.01.27,鱼,0,@么西扎～ @来杯水吧 看得我心里有种说不出来的难过
9,2022.01.27,movie,0,@
9,2022.01.29,歆,0,靠
9,2022.01.27,༒嘴角微扬（形象保护）,4,有尊严的离去才是老人想要的，女儿很坚强加油。
9,2022.01.27,伊昂,0,哭的停不下来
9,2022.01.27,：,2,想念外婆
9,2022.02.19,瞎逛的杰夫,1,想念外婆
9,2022.01.26,袁向前,0,@♚叫兽 呜呜呜呜
9,2022.01.26,礼樂禹,0,抱抱
9,2022.01.26,又一村,0,先走的人先有福
9,2022.01.26,Caroline,0,祝好
9,2022.01.26,小丽,0,好难过，想我爸爸了。
9,2022.01.26,我是大伟哥,1,看的心里不得劲珍惜眼下吧
9,2022.01.26,花开,1,临终关怀，有尊严的离去
9,2022.01.25,？……,0,过好每一天 生老病死 顺其自然吧
9,2022.01.25,森屿～,1,在这里工作的护士 真的也要好大的勇气去面对生死真的很棒 心里素质不好的 也很容易抑郁的
9,2022.01.25,佩佩的舞蹈小院,0,我爸爸走的时候，我也是异常冷静，念佛
9,2022.01.25,随,0,宁波话？
9,2022.01.25,lesecret1990,0,好难过
9,2022.01.25,糖糖,1,人老了很无奈，好多事都不是自己能决定的
9,2022.01.25,赴山看日落.,0,@ylyl @战神愆 @麓 @姥爷 好难受啊
9,2022.01.26,贵族生活ovo,0,我绝不会把老人送出去
9,2022.01.25,gf123456,0,我妈妈查出来三个月不到走了，太痛苦了，我想她
9,2022.01.25,金贵姐妹,0,我妈查出来15天 19年前。想她。
9,2022.01.25,姜姜-,0,太想哭了
9,2022.01.24,@Z,0,把我看哭了 长大了看不得这样的视频 想想自己一个人 以后父母老了我怎么办 又没靠山
9,2022.01.24,风从远方来,0,莫名的心痛
9,2022.01.24,仙人掌,0,好绝望
9,2022.01.24,海豚,0,这个婆婆好慈祥，像我外婆一样笑起来带给人阳光，我外婆也是胰腺癌去世的，太想她了
9,2022.01.24,用户2891474276233,1,长得好像我去世的外婆
9,2022.01.23,小慧,0,别人都说黑发送白发 到最后还是黑发人送黑发 上天就是不公平 
9,2022.01.23,我是保守派1,0,这个女儿，很坚强
9,2022.01.23,家有二丫,0,希望我的妈妈病情不要恶化，永远健康
9,2022.01.23,小猪快跑跑,2,独生子女真的很难，明明痛苦的要命，却要比谁都要坚强
9,2022.01.23,半梦半醒,0,先走的人解脱了，后走的人要坚强
9,2022.01.24,花花花小妞,1,本没有拖累，有妈才有家
9,2022.01.23,喆,0,心很痛很痛
9,2022.01.23,fk_63,0,人生苦短
9,2022.01.23,记得填写昵称名字,0,@胃疼天天有 呜呜呜
9,2022.01.23,胃疼天天有,0,太难受了
9,2022.01.23,用户1330872504809,1,胰腺癌，癌症之王。11年就是奇迹希望家人们都能健健康康
9,2022.01.23,最美的瞬间,0,养儿防老养儿防老，唉，最终还是进养老院了
9,2022.01.23,梦里,0,我大姑乳腺癌对抗了17年
9,2022.01.23,Lareina,0,哭死
9,2022.01.23,小淅妈妈,0,另一边老人病了必须有人陪着。害怕这里的老人有一下闪失，时刻紧绷着
9,2022.01.23,小淅妈妈,1,所以家里还得有孩子。一个孩子太难了！你不管也不行 管也不行！我就是独生子女 我老公也是，家里四位老人。我们俩40了 真是上有老下有小的日子不好过。
9,2022.01.23,用户6683707169788,2,女儿沧桑的脸
9,2022.01.23,西西是曦曦,0,看了好难受啊人这一生健健康康比啥都好
9,2022.01.23,欧尼,0,哎，突然好害怕死亡 ，也不知道活着的意义是啥
9,2022.01.23,miranda ,3,两个老人都那么干净，说明女儿照顾的很好。
9,2022.01.23,好康,0,阿弥陀佛
9,2022.01.23,珍惜每天,0,泪奔了
9,2022.01.23,聪聪聪聪,3,面对告别最好的方式就是：好好告别
9,2022.01.23,张,0,老了难呀
9,2022.01.23,张,1,@
9,2022.01.23,吉祥三宝好好好,5,这老太太在面对临终时能做到这么自在，完全没有半点恐惧，绝对不是一般人，这就是信仰的力量
9,2022.01.23,彩虹,0,我妈也是得癌症不到三个月去世的，看到这忍不住想起妈妈了
9,2022.01.23,٩( 'ω' )و,0,前段时间我爷爷一个人在家摔过一次，我奶奶心率失常一次，那时我我们一家人都很担惊受怕，生怕二老会有什么不测，还好都有惊无险，其实家里人平安健康幸福快乐就是最大的财富
9,2022.01.23,xps,1,祝愿全天下父母安康
9,2022.01.23,肖肖要平安喜乐,0,那就希望下辈子，都要平平安安，快快乐乐
9,2022.01.23,林子,0,突然间觉得那么凄凉呢，人生真的好短暂，有那么多不舍，却还要面对
9,2022.01.23,xisolingbao,1,胰腺癌活十一年太厉害了
9,2022.01.23,煜重生,0,人生都有这么一回，可当那一刻来时时特别害怕和恐惧，我体会过，
9,2022.01.23,19k$$,0,父母在人生尚有来处,父母去人生只剩归途
9,2022.01.23,花瓣,1,人生在世，不麻烦别人也是一种修为。只希望可以安详的离开
9,2022.01.23,粉红色的披头士,0,2022年已经过去6年多了
9,2022.01.23,曦瑶,0,医院就是人来人去的地方，正常。
9,2022.01.23,怪怪,0,癌症病人能这样离开没有痛苦也是安慰目前正经历母亲癌症
9,2022.01.22,阿敏,0,父母最放心不下的就是孩子们
9,2022.01.22,火火,1,我爷爷在医院对医生说，咱们说再见吧，我饿了吃点东西就走了，晚上就去世了
9,2022.01.21,用户2661780384103,0,我也会把老人送养老院
9,2022.01.21,太阳花,1,这个女儿真好，向她学习。
9,2022.01.20,拐角处的守望,1,北京世纪坛医院
9,2022.01.20,天晴,1,年轻的时候有生气的时候总觉得活着没意思，死了才好，现人到中年，越来越怕死了，怕看见亲人的离开，怕那深深地思念！
9,2022.01.18,…,0,我老了可不想来这个地方，希望我儿子会把我带回老家，我死也要死自己家里。
9,2022.01.23,用户4100539682599,0,有些事情不是你左右的
9,2022.01.18,Alone,1,原来我们只是来一趟人间……
9,2022.01.18,窗外,0,人活着的意义是什么？
9,2022.01.18,用户4720298170733自由如风,0,害怕这一天的到来
9,2022.01.18,lily,0,我可怕
9,2022.01.18,年军,0,这个阿姨很善良。一路走好
9,2022.01.18,稚于初心，,0,看哭了
9,2022.01.18,宁慈,0,不知道自己老了会是什么样，后怕
9,2022.01.18,火煊妈妈,1,女儿也折磨的很憔悴
9,2022.01.17,皕.,2,@hell @犯困嫌疑人 
9,2022.01.17,hell,0,真正能量
9,2022.01.17,hell,0,那雀氏，毕竟年龄大了
9,2022.01.17,久哥,0,这家医院在哪里呀，我去做义工
9,2022.01.17,A放飞,1,我死都不会给父母送到养老院确定
9,2022.01.17,A放飞,0,事实证明还是有个儿子比较好些
9,2022.01.18,妖孽,0,
9,2022.01.16,愿时间美好与你相随,1,实话说我怕了，怕的不是生死，是牵挂是不舍
9,2022.01.14,坚强的小宇,0,一切都是最好的安排
9,2022.01.14,阳光,1,
9,2022.01.12,@yi@,0,祝愿全世界所有的人都能健健康康、快快乐乐的度过漫长晚年！
9,2022.01.12,贺,0,癌癌癌@，我今天这两天我就看了4次了。
9,2022.01.11,春天里的细雨,0,我想问一下这家医院在哪里？
9,2022.01.11,豌豆苗*,0,我妈妈肺癌晚期没有多久了，我一想到这里心里犹如刀绞！我不想让她受罪却又无能为力，妈妈总是怕拖累我
9,2022.01.10,用户6865976594052,0,确实，以前我也在这种医院上过班。
9,2022.01.10,suki,0,人老了真的不容易不好活。人生这一辈子就是来遭罪的。
9,2022.01.10,日暮如斯,2,女儿那么说，真的是心理很难过，不要说孩子怎么那么平静。。。不能只看表面。。。
9,2022.01.10,日暮如斯,1,我老了，我自己去养老院。。。去养老院不是说孩子不好！！！而是最好的选择。。。孩子也要挣钱养家，在养老院也有个照顾。。。
9,2022.01.10,社恐,0,觉得人老了很可怜，，
9,2022.01.10,炫,0,爸 對不起 我們不想讓你再痛苦。我知道你想活，我們大家都想要你活著。陪著孫子與媽媽，謝謝你。爸帶大我們，很對不起在你還在世的時候，兒子並沒有讓你快樂。對不起，爸。我想你應該懂大家不急救你的。對不起。爸
9,2022.01.10,感谢有你同行,0,有尊严的…走
9,2022.01.10,草莓,0,
9,2022.01.10,大肉包子,0,
9,2022.01.09,Liudeng,0,总有一人先走的！
9,2022.01.09,Liudeng,0,即将远去的人
9,2022.01.09,我家金毛叫十一,0,倒是真希望进来的都是103岁的。也许那样，这不是个让人悲伤的地方
9,2022.01.09,Anny,1,感谢有这样的临终医院，希望西安也有
9,2022.01.09,似水骄阳,2,这个医院真的很好，很多病人最后满身插满管子，非常痛苦，这个医院在最后撤去所有医疗器械，只是让病人减轻痛苦，最后走的能有尊严！生老病死是每个人都需要面对的，父母真伟大，在生命的最后还觉得自己拖累了儿女！
9,2022.01.09,小辉儿,1,每个人都会有这么一天！或早或晚！
9,2022.01.09,欧阳姑娘,0,人生你我皆是过客，早晚要散！过客之间皆是缘分！缘来相聚，珍惜即可！缘尽分别！不必忧伤！不念过往！不畏将来……………………
9,2022.01.09,臭兔宝宝,0,你养我小，我养你老
9,2022.01.09,白水咖啡、,0,这是什么医院在哪里。我想去
9,2022.01.09,燕子飞,0,很好了
9,2022.01.09,想长高的摩托赛蔻,0,南无阿弥陀佛
9,2022.01.09,懵逼帅_,1,预计生存期
9,2022.01.09,羊村你喜哥,4,面对死亡，人类真的很渺小
9,2022.01.08,旺旺与聪聪,2,在这的医护人员要有多大的心理承受力啊
9,2022.01.08,Ren,1,上海临汾社区医院
9,2022.01.08,郑欢欢,0,广州的关怀医院在哪呢
9,2022.01.08,小尚and小葵,1,老人那句：把女儿害苦了，真是泪流满面
9,2022.01.08,bug,2,当我们看到这一条视频里面的人物的时候，其实他们早就不在了所以我们现在要好好珍惜身边的人
9,2022.01.08,77777,0,@⁷ 
9,2022.01.08,放放,0,母亲16年癌症～走的时候我也清晰记得她的留恋和父亲的无助
9,2022.01.08,芬,0,@
9,2022.01.07,平,0,祝好人一生平安，幸福快乐
9,2022.01.07,用户3235461758515,0,女儿真难啊，心疼啊
9,2022.01.07,深海不蓝,0,11年啊，真是奇迹，我妈妈确诊到离开不到100天
9,2022.01.08,竹林,0,我爸爸确诊到离开43天
9,2022.01.07,龙哥羊妹,0,看着真是难受，为什么有这么治不好的病
9,2022.01.07,海凤,0,所以还是要努力赚钱
9,2022.01.08,ZERO,0,努力就能赚钱也太简单了
9,2022.01.07,茉筱茉,0,医院在哪里，叫什么
9,2022.01.07,张大温柔,8,我外婆就是最后弥留之际的时候，估计是最痛苦的了，我却没有在跟前陪伴她，这是我最后悔的一件事了！
9,2022.01.07,征服天堂,0,真难受啊
9,2022.01.07,椰汁西米露,0,@阿俊 这个呜呜呜
9,2022.01.07,清风丶,0,破防了
9,2022.01.07,忆琛,0,胰腺癌11年？
9,2022.01.07,平安知足,0,绝对不会把父母送到养老院
9,2022.01.14,越野猫,0,首先得有钱送啊我以后上年纪了倒是想去好的养老院，但是贵啊，除了贵没毛病
9,2022.01.07,酒柸Фう菰獨,0,生只是起点，而终点只有一个，不要气馁，不要留有遗憾...
9,2022.01.07,静心柔和,1,愿天堂没有病痛
9,2022.01.07,木木,0,人生有太多无奈！未经他人的经历，不随意评论别人，善待自己！善待身边人！
9,2022.01.06,love梦敏,1,他女儿确实挺坚强乐观的！
9,2022.01.06,锐村长,1,@大花 天啊
9,2022.01.06,四哥,1,生死不由人
9,2022.01.06,简单最美,1,胰腺癌患者平均时间就是生存6个月，我爸发现到离世活了8个月
9,2022.01.06,啥子都不晓得,0,没有几十万不行
9,2022.01.05,回忆是座空城,1,看到这一幕，想想我以后我老了，都害怕
9,2022.01.07,A  晴天,0,同感
9,2022.01.05,器皿琪子,0,11年也不错了
9,2022.01.05,鞍山付优秀,1,过后，还能幸福甜蜜吗？
9,2022.01.05,三秒,0,有，毎个人都是个体，怎么来的怎么走，
9,2022.01.05,Amy,0,看一次哭一次
9,2022.01.05,萍,0,
9,2022.01.05,大邑庙街老火锅,17,太多的无奈，生老病死谁都逃不过。愿生者如斯，逝者安息
9,2022.01.05,Mr杨,2,有没有见过那些不治之症临终前的样子！我的亲姨妈走之前两个月我更本不敢看！真的走了真觉得是解脱了！
9,2022.01.05,淼淼,2,太无奈了
9,2022.01.05,陈大发,2,听口音像杭州一带的
9,2022.01.07,花Hua小世界,0,是那句话，自己不勇敢没办法
9,2022.01.05,可爱妹妹,3,上海话
9,2022.01.05,@阿拉雷,3,上海吧
9,2022.01.04,辰辰嫲,41,啊啊啊，听到那句最小3岁，既然哭了，做了母亲听不得小孩子怎么了，愿世界每一个孩子健健康康成长，直到自然老死
9,2022.01.09,人生复杂，各自安好,0,大千世界本来就是这样。芸芸众生哪有那么多如意的事
9,2022.01.09,辰辰嫲,1,话是这么说，但是我这样希望有错不？何必说话这么淡泊
9,2022.01.09,人生复杂，各自安好,0,我以前也说公婆老了去养老院，我老公说我，你咋不把你爸妈送去
9,2022.01.04,Lin咋渣敏,0,为什么不把他们最后的一段时间陪她一起过呢
9,2022.01.04,莹,1,心酸
9,2022.01.04,奕啊奕啊呦,0,好好活着
9,2022.01.04,肖初武,0,免费的吗？
9,2022.01.04,漆东,0,人生苦短啊
9,2022.01.04,漆东,0,哎
9,2022.01.04,Dummer浅时光,247,祝愿全世界所有的父母都能健健康康、快快乐乐的度过漫长晚年！
9,2022.01.09,福星高照,2,活着时就尽量好好活
9,2022.01.04,用户238259357,25,有生，就有死
9,2022.01.03,人生行者,0,老人家对自己子女说对不起的时候，我真的特别难受
9,2022.01.07,LEOXIE,0,
9,2022.03.05,秋十,0,@&   吳先森
9,2022.03.06,&   吳先森,0,
9,2022.02.25,枫☆,0,
9,2022.02.22,娟～juan,0,
9,2022.02.22,啊曹,0,
9,2022.02.19,鸿艾果,0,
9,2022.02.19,简单爱,0,@
9,2022.02.19,已重置,1,@好️啊 唉
9,2022.02.19,小九爷,0,
9,2022.02.19,落叶随风,0,
9,2022.02.18,lucky girl,0,@星一
9,2022.02.02,是清清子a,0,@法克吹杨 
9,2022.02.02,JH-1,0,啊
9,2022.02.01,Serena,0,@哇塞哥 
9,2022.02.01,四月,0,@随风雾起
9,2022.01.28,滢雅,0,@
9,2022.01.27,黑暗宇宙超级无敌暴龙战士,0,@柳条胡同饿雷子
9,2022.01.27,芷  Jin,1,
9,2022.01.26,捣蛋,0,@喵左
9,2022.01.25,海岛冰轮,0,@织梦者
9,2022.01.25,垚吃香菜,0,
9,2022.01.24,一团一团亮晶晶,0,@皮皮拉
9,2022.01.23,莹重航,0,
9,2022.01.23,Tyler,0,
9,2022.01.23,手机用户92815125188,0,
9,2022.01.23,故纸堆,0,真的受不了
9,2022.01.23,故纸堆,0,陪伴一辈子的人就这么离去
9,2022.01.23,张大嘻,0,
9,2022.01.23,EC7,0,@Eileen 
9,2022.01.18,四字,0,@Echo 
9,2022.01.18,Alex,0,
9,2022.01.17,遥远的她-z,0,@宁，采臣
9,2022.01.13,知秋,1,@眼底.
9,2022.01.13,用户9577572605271,1,@
9,2022.01.12,桐桐,0,@@滴滴
9,2022.01.12,一株西府海棠,0,@温和的开水
9,2022.01.09,小井,0,@朝歌
9,2022.01.09,你头发乱了嗷,0,@葡萄味的吻
9,2022.01.09,無緒,1,@平等
9,2022.01.09,@买不起车的自行车主,0,@樱花树
9,2022.01.07,PB,0,
9,2022.01.07,琪 ,0,@晶晶睡不醒.
9,2022.01.06,玉露,0,
9,2022.01.06,睡时猫,0,fanfanfan
9,2022.01.06,温暖的向日葵,0,
9,2022.01.04,丁绍祥小宝贝,0,
9,2022.01.04,顺其自然,1,
